period_type;start_date;end_date;salesman_fio;chif_fio;sales_count;sales_sum;max_overcharge_item;max_overcharge_percent
month;2018-11-01;2018-11-30;Алексеев Никита Карлович;Касатый Ника Федотовна;1;1033326.0;Раствор М100 Пк3;43.12
week;2018-11-19;2018-11-25;Алексеев Никита Карлович;Касатый Ника Федотовна;1;1033326.0;Раствор М100 Пк3;43.12
month;2018-12-01;2018-12-31;Алексеев Никита Карлович;Касатый Ника Федотовна;3;2944260.0;БСТ B35 П5 F1300 W12;67.16
week;2018-12-10;2018-12-16;Алексеев Никита Карлович;Касатый Ника Федотовна;1;660240.0;БСТ B25 П4 F1150 W8;44.47
week;2018-12-24;2018-12-30;Алексеев Никита Карлович;Касатый Ника Федотовна;2;2284020.0;БСТ B35 П5 F1300 W12;67.16
month;2019-01-01;2019-01-31;Алексеев Никита Карлович;Касатый Ника Федотовна;5;3618611.0;БСТ B35 П5 F1300 W12;62.61
week;2019-01-07;2019-01-13;Алексеев Никита Карлович;Касатый Ника Федотовна;1;904579.0;БСТ B35 П5 F1300 W12;62.61
week;2019-01-14;2019-01-20;Алексеев Никита Карлович;Касатый Ника Федотовна;2;1463382.0;БСТ B22,5 П4 F1100 W6;50.36
week;2019-01-21;2019-01-27;Алексеев Никита Карлович;Касатый Ника Федотовна;2;1250650.0;Мелкозернистый бетон БСМ B25 П3,П4;55.41
month;2019-03-01;2019-03-31;Алексеев Никита Карлович;Касатый Ника Федотовна;1;618298.0;БСТ B30 П4 F1200 W10;12.42
week;2019-03-11;2019-03-17;Алексеев Никита Карлович;Касатый Ника Федотовна;1;618298.0;БСТ B30 П4 F1200 W10;12.42
month;2019-04-01;2019-04-30;Алексеев Никита Карлович;Касатый Ника Федотовна;3;1814883.0;Пусковая смесь;38.44
week;2019-04-08;2019-04-14;Алексеев Никита Карлович;Касатый Ника Федотовна;1;453288.0;Раствор кладочный М100 Пк3;10.59
week;2019-04-22;2019-04-28;Алексеев Никита Карлович;Касатый Ника Федотовна;1;949008.0;Пусковая смесь;38.44
week;2019-04-29;2019-05-05;Алексеев Никита Карлович;Касатый Ника Федотовна;2;1128965.0;БСТ B35 П5 F1300 W12;18.00
month;2019-05-01;2019-05-31;Алексеев Никита Карлович;Касатый Ника Федотовна;4;2524779.0;БСТ B20 П3,П4;38.00
week;2019-05-06;2019-05-12;Алексеев Никита Карлович;Касатый Ника Федотовна;1;693450.0;БСТ B20 П3,П4;38.00
week;2019-05-20;2019-05-26;Алексеев Никита Карлович;Касатый Ника Федотовна;1;522001.0;Мелкозернистый бетон БСМ B22,5 П3,П4;9.00
week;2019-05-27;2019-06-02;Алексеев Никита Карлович;Касатый Ника Федотовна;1;592950.0;БСТ B20 П3,П4;18.00
month;2019-06-01;2019-06-30;Алексеев Никита Карлович;Касатый Ника Федотовна;1;47140.0;Фасовка;48.80
week;2019-06-17;2019-06-23;Алексеев Никита Карлович;Касатый Ника Федотовна;1;47140.0;Фасовка;48.80
month;2019-07-01;2019-07-31;Алексеев Никита Карлович;Касатый Ника Федотовна;4;2307701.0;БСТ B40 П5 F1300 W14;37.00
week;2019-07-15;2019-07-21;Алексеев Никита Карлович;Касатый Ника Федотовна;2;1000566.0;Раствор кладочный М150 Пк3;30.00
week;2019-07-29;2019-08-04;Алексеев Никита Карлович;Касатый Ника Федотовна;3;1878295.0;БСТ B40 П5 F1300 W14;37.00
month;2019-08-01;2019-08-31;Алексеев Никита Карлович;Касатый Ника Федотовна;2;1481810.0;БСТ B35 П5 F1300 W12;50.00
week;2019-08-12;2019-08-18;Алексеев Никита Карлович;Касатый Ника Федотовна;1;910650.0;БСТ B35 П5 F1300 W12;50.00
month;2019-09-01;2019-09-30;Алексеев Никита Карлович;Касатый Ника Федотовна;1;718734.0;Пусковая смесь;3.00
week;2019-09-30;2019-10-06;Алексеев Никита Карлович;Касатый Ника Федотовна;1;718734.0;Пусковая смесь;3.00
month;2019-10-01;2019-10-31;Алексеев Никита Карлович;Касатый Ника Федотовна;4;2676993.0;Пусковая смесь;37.00
week;2019-10-07;2019-10-13;Алексеев Никита Карлович;Касатый Ника Федотовна;1;491940.0;Раствор М200 Пк3;8.00
week;2019-10-14;2019-10-20;Алексеев Никита Карлович;Касатый Ника Федотовна;1;582552.0;БСТ B12,5 П3,П4;24.00
week;2019-10-28;2019-11-03;Алексеев Никита Карлович;Касатый Ника Федотовна;2;1602501.0;Пусковая смесь;37.00
month;2019-11-01;2019-11-30;Алексеев Никита Карлович;Касатый Ника Федотовна;4;2625699.0;Раствор М200 Пк3;47.00
week;2019-11-04;2019-11-10;Алексеев Никита Карлович;Касатый Ника Федотовна;2;1308865.0;Раствор М200 Пк3;47.00
week;2019-11-18;2019-11-24;Алексеев Никита Карлович;Касатый Ника Федотовна;1;576660.0;БСТ B 7,5 П3,П4;40.00
week;2019-11-25;2019-12-01;Алексеев Никита Карлович;Касатый Ника Федотовна;1;740174.0;БСТ B40 П5 F1300 W14;22.00
month;2019-12-01;2019-12-31;Алексеев Никита Карлович;Касатый Ника Федотовна;1;690864.0;БСТ B15 П3,П4;48.00
week;2019-12-02;2019-12-08;Алексеев Никита Карлович;Касатый Ника Федотовна;1;690864.0;БСТ B15 П3,П4;48.00
week;2019-12-30;2020-01-05;Алексеев Никита Карлович;Касатый Ника Федотовна;1;874950.0;БСТ B30 П4 F1200 W10;50.00
month;2020-01-01;2020-01-31;Алексеев Никита Карлович;Касатый Ника Федотовна;2;1660950.0;БСТ B30 П4 F1200 W10;50.00
week;2020-01-06;2020-01-12;Алексеев Никита Карлович;Касатый Ника Федотовна;1;786000.0;БСТ B25 П4 F1150 W8;50.00
week;2020-01-27;2020-02-02;Алексеев Никита Карлович;Касатый Ника Федотовна;1;974512.0;Раствор кладочный М150 Пк3;13.00
month;2020-02-01;2020-02-29;Алексеев Никита Карлович;Касатый Ника Федотовна;1;974512.0;Раствор кладочный М150 Пк3;13.00
month;2018-11-01;2018-11-30;Галиаскаров Харитон Ипатиевич;Коченкова Розалия Федоровна;1;787776.0;БСТ B45 П5 F1300 W16;40.93
week;2018-11-26;2018-12-02;Галиаскаров Харитон Ипатиевич;Коченкова Розалия Федоровна;1;787776.0;БСТ B45 П5 F1300 W16;40.93
month;2018-12-01;2018-12-31;Галиаскаров Харитон Ипатиевич;Коченкова Розалия Федоровна;3;1900408.0;Мелкозернистый бетон БСМ B25 П3,П4;56.53
week;2018-12-10;2018-12-16;Галиаскаров Харитон Ипатиевич;Коченкова Розалия Федоровна;2;1224204.0;БСТ B45 П5 F1300 W16;31.32
week;2018-12-17;2018-12-23;Галиаскаров Харитон Ипатиевич;Коченкова Розалия Федоровна;1;676204.0;Мелкозернистый бетон БСМ B25 П3,П4;56.53
month;2019-01-01;2019-01-31;Галиаскаров Харитон Ипатиевич;Коченкова Розалия Федоровна;1;47549.0;Упаковка европалет;56.00
week;2019-01-28;2019-02-03;Галиаскаров Харитон Ипатиевич;Коченкова Розалия Федоровна;1;47549.0;Упаковка европалет;56.00
month;2019-02-01;2019-02-28;Галиаскаров Харитон Ипатиевич;Коченкова Розалия Федоровна;3;1270039.0;БСТ B35 П5 F1200 W12;80.00
week;2019-02-25;2019-03-03;Галиаскаров Харитон Ипатиевич;Коченкова Розалия Федоровна;3;1270039.0;БСТ B35 П5 F1200 W12;80.00
month;2019-03-01;2019-03-31;Галиаскаров Харитон Ипатиевич;Коченкова Розалия Федоровна;4;1531857.0;Мелкозернистый бетон БСМ B15 П3,П4;60.80
week;2019-03-04;2019-03-10;Галиаскаров Харитон Ипатиевич;Коченкова Розалия Федоровна;1;552083.0;Мелкозернистый бетон БСМ B15 П3,П4;34.52
week;2019-03-25;2019-03-31;Галиаскаров Харитон Ипатиевич;Коченкова Розалия Федоровна;3;979774.0;Раствор М150 Пк3;60.80
month;2019-04-01;2019-04-30;Галиаскаров Харитон Ипатиевич;Коченкова Розалия Федоровна;2;1324958.0;БСТ B40 П5 F1300 W14;30.95
week;2019-04-01;2019-04-07;Галиаскаров Харитон Ипатиевич;Коченкова Розалия Федоровна;1;554449.0;БСТ B30 П4 F1150 W10;6.97
week;2019-04-08;2019-04-14;Галиаскаров Харитон Ипатиевич;Коченкова Розалия Федоровна;1;770509.0;БСТ B40 П5 F1300 W14;30.95
month;2019-06-01;2019-06-30;Галиаскаров Харитон Ипатиевич;Коченкова Розалия Федоровна;3;927743.0;БСТ B40 П5 F1300 W14;50.00
week;2019-06-10;2019-06-16;Галиаскаров Харитон Ипатиевич;Коченкова Розалия Федоровна;1;47739.0;Формовка;34.40
week;2019-06-17;2019-06-23;Галиаскаров Харитон Ипатиевич;Коченкова Розалия Федоровна;2;880004.0;БСТ B40 П5 F1300 W14;50.00
week;2019-07-01;2019-07-07;Галиаскаров Харитон Ипатиевич;Коченкова Розалия Федоровна;2;933720.0;Мелкозернистый бетон БСМ B 7,5 П3,П4;14.00
month;2019-07-01;2019-07-31;Галиаскаров Харитон Ипатиевич;Коченкова Розалия Федоровна;3;1523049.0;БСТ B22,5 П4 F1100 W6;17.00
week;2019-07-15;2019-07-21;Галиаскаров Харитон Ипатиевич;Коченкова Розалия Федоровна;1;589329.0;БСТ B22,5 П4 F1100 W6;17.00
month;2019-09-01;2019-09-30;Галиаскаров Харитон Ипатиевич;Коченкова Розалия Федоровна;2;1124460.0;БСТ B12,5 П3,П4;38.00
week;2019-09-23;2019-09-29;Галиаскаров Харитон Ипатиевич;Коченкова Розалия Федоровна;2;1124460.0;БСТ B12,5 П3,П4;38.00
month;2019-10-01;2019-10-31;Галиаскаров Харитон Ипатиевич;Коченкова Розалия Федоровна;4;2992002.0;БСТ B50 П5 F1300 W18;50.00
week;2019-10-07;2019-10-13;Галиаскаров Харитон Ипатиевич;Коченкова Розалия Федоровна;2;1261047.0;БСТ B35 П5 F1200 W12;29.00
week;2019-10-14;2019-10-20;Галиаскаров Харитон Ипатиевич;Коченкова Розалия Федоровна;1;807450.0;БСТ B30 П4 F1150 W10;50.00
week;2019-10-28;2019-11-03;Галиаскаров Харитон Ипатиевич;Коченкова Розалия Федоровна;1;923505.0;БСТ B50 П5 F1300 W18;45.00
month;2019-11-01;2019-11-30;Галиаскаров Харитон Ипатиевич;Коченкова Розалия Федоровна;3;1130904.0;БСТ B12,5 П3,П4;80.00
week;2019-11-11;2019-11-17;Галиаскаров Харитон Ипатиевич;Коченкова Розалия Федоровна;1;59616.0;Доставка;80.00
week;2019-11-18;2019-11-24;Галиаскаров Харитон Ипатиевич;Коченкова Розалия Федоровна;2;1071288.0;БСТ B12,5 П3,П4;41.00
month;2020-01-01;2020-01-31;Галиаскаров Харитон Ипатиевич;Коченкова Розалия Федоровна;2;1298000.0;БСТ B30 П4 F1150 W10;46.00
week;2020-01-13;2020-01-19;Галиаскаров Харитон Ипатиевич;Коченкова Розалия Федоровна;1;512082.0;БСТ B12,5 П3,П4;9.00
week;2020-01-20;2020-01-26;Галиаскаров Харитон Ипатиевич;Коченкова Розалия Федоровна;1;785918.0;БСТ B30 П4 F1150 W10;46.00
month;2018-11-01;2018-11-30;Дуболазов Венедикт Эрнестович;Кокоткин Аркадий Анатолиевич;1;664224.0;Раствор кладочный М100 Пк3;76.66
week;2018-11-19;2018-11-25;Дуболазов Венедикт Эрнестович;Кокоткин Аркадий Анатолиевич;1;664224.0;Раствор кладочный М100 Пк3;76.66
month;2018-12-01;2018-12-31;Дуболазов Венедикт Эрнестович;Кокоткин Аркадий Анатолиевич;2;2450819.0;БСТ B30 П4 F1200 W10;68.79
week;2018-12-17;2018-12-23;Дуболазов Венедикт Эрнестович;Кокоткин Аркадий Анатолиевич;1;1593368.0;БСТ B30 П4 F1150 W10;68.79
week;2018-12-31;2019-01-06;Дуболазов Венедикт Эрнестович;Кокоткин Аркадий Анатолиевич;1;857451.0;БСТ B30 П4 F1200 W10;68.79
month;2019-01-01;2019-01-31;Дуболазов Венедикт Эрнестович;Кокоткин Аркадий Анатолиевич;1;601392.0;Раствор кладочный М100 Пк3;46.72
week;2019-01-21;2019-01-27;Дуболазов Венедикт Эрнестович;Кокоткин Аркадий Анатолиевич;1;601392.0;Раствор кладочный М100 Пк3;46.72
month;2019-02-01;2019-02-28;Дуболазов Венедикт Эрнестович;Кокоткин Аркадий Анатолиевич;4;1182060.0;Раствор М200 Пк3;38.00
week;2019-02-18;2019-02-24;Дуболазов Венедикт Эрнестович;Кокоткин Аркадий Анатолиевич;3;134410.0;Доставка;38.00
week;2019-02-25;2019-03-03;Дуболазов Венедикт Эрнестович;Кокоткин Аркадий Анатолиевич;3;2322253.0;БСТ B20 П3,П4;28.71
month;2019-03-01;2019-03-31;Дуболазов Венедикт Эрнестович;Кокоткин Аркадий Анатолиевич;3;1754771.0;БСТ B20 П3,П4;28.71
week;2019-03-18;2019-03-24;Дуболазов Венедикт Эрнестович;Кокоткин Аркадий Анатолиевич;1;480168.0;Раствор М150 Пк3;23.31
month;2019-04-01;2019-04-30;Дуболазов Венедикт Эрнестович;Кокоткин Аркадий Анатолиевич;4;2644296.0;БСТ B35 П5 F1300 W12;54.97
week;2019-04-01;2019-04-07;Дуболазов Венедикт Эрнестович;Кокоткин Аркадий Анатолиевич;1;862082.0;БСТ B35 П5 F1300 W12;54.97
week;2019-04-08;2019-04-14;Дуболазов Венедикт Эрнестович;Кокоткин Аркадий Анатолиевич;1;639699.0;БСТ B22,5 П4 F1100 W6;32.61
week;2019-04-22;2019-04-28;Дуболазов Венедикт Эрнестович;Кокоткин Аркадий Анатолиевич;1;469165.0;Раствор М200 Пк3;12.48
week;2019-04-29;2019-05-05;Дуболазов Венедикт Эрнестович;Кокоткин Аркадий Анатолиевич;1;673350.0;БСТ B20 П3,П4;44.93
month;2019-05-01;2019-05-31;Дуболазов Венедикт Эрнестович;Кокоткин Аркадий Анатолиевич;4;4843768.0;БСТ B35 П5 F1200 W12;46.00
week;2019-05-06;2019-05-12;Дуболазов Венедикт Эрнестович;Кокоткин Аркадий Анатолиевич;2;2121904.0;БСТ B35 П5 F1200 W12;46.00
week;2019-05-13;2019-05-19;Дуболазов Венедикт Эрнестович;Кокоткин Аркадий Анатолиевич;1;1554984.0;БСТ B25 П4 F1200 W10;38.00
week;2019-05-27;2019-06-02;Дуболазов Венедикт Эрнестович;Кокоткин Аркадий Анатолиевич;1;1166880.0;Раствор кладочный М100 Пк3;30.00
month;2019-06-01;2019-06-30;Дуболазов Венедикт Эрнестович;Кокоткин Аркадий Анатолиевич;3;1345910.0;БСТ B60 П5 F1300 W20;66.80
week;2019-06-10;2019-06-16;Дуболазов Венедикт Эрнестович;Кокоткин Аркадий Анатолиевич;1;54293.0;Дегидрация;66.80
week;2019-06-17;2019-06-23;Дуболазов Венедикт Эрнестович;Кокоткин Аркадий Анатолиевич;1;466752.0;Раствор кладочный М100 Пк3;4.00
week;2019-06-24;2019-06-30;Дуболазов Венедикт Эрнестович;Кокоткин Аркадий Анатолиевич;1;824865.0;БСТ B60 П5 F1300 W20;27.00
month;2019-08-01;2019-08-31;Дуболазов Венедикт Эрнестович;Кокоткин Аркадий Анатолиевич;2;1191734.0;Раствор М200 Пк3;34.00
week;2019-08-05;2019-08-11;Дуболазов Венедикт Эрнестович;Кокоткин Аркадий Анатолиевич;2;1191734.0;Раствор М200 Пк3;34.00
month;2019-11-01;2019-11-30;Дуболазов Венедикт Эрнестович;Кокоткин Аркадий Анатолиевич;1;763904.0;БСТ B45 П5 F1300 W16;28.00
week;2019-11-04;2019-11-10;Дуболазов Венедикт Эрнестович;Кокоткин Аркадий Анатолиевич;1;763904.0;БСТ B45 П5 F1300 W16;28.00
month;2019-12-01;2019-12-31;Дуболазов Венедикт Эрнестович;Кокоткин Аркадий Анатолиевич;4;1316410.0;БСТ B35 П5 F1200 W12;76.40
week;2019-12-02;2019-12-08;Дуболазов Венедикт Эрнестович;Кокоткин Аркадий Анатолиевич;2;1218760.0;БСТ B35 П5 F1200 W12;42.00
week;2019-12-09;2019-12-15;Дуболазов Венедикт Эрнестович;Кокоткин Аркадий Анатолиевич;1;40232.0;Дегидрация;23.60
week;2019-12-16;2019-12-22;Дуболазов Венедикт Эрнестович;Кокоткин Аркадий Анатолиевич;1;57418.0;Дегидрация;76.40
month;2020-01-01;2020-01-31;Дуболазов Венедикт Эрнестович;Кокоткин Аркадий Анатолиевич;2;1804000.0;Мелкозернистый бетон БСМ B22,5 П3,П4;31.00
week;2020-01-27;2020-02-02;Дуболазов Венедикт Эрнестович;Кокоткин Аркадий Анатолиевич;3;2405392.0;Раствор кладочный М100 Пк3;34.00
month;2020-02-01;2020-02-29;Дуболазов Венедикт Эрнестович;Кокоткин Аркадий Анатолиевич;2;1253786.0;Мелкозернистый бетон БСМ B25 П3,П4;37.00
week;2020-02-10;2020-02-16;Дуболазов Венедикт Эрнестович;Кокоткин Аркадий Анатолиевич;1;652394.0;Мелкозернистый бетон БСМ B25 П3,П4;37.00
month;2018-11-01;2018-11-30;Жилов Всеволод Иосифович;Коченкова Розалия Федоровна;1;824865.0;БСТ B60 П5 F1300 W20;36.34
week;2018-11-26;2018-12-02;Жилов Всеволод Иосифович;Коченкова Розалия Федоровна;1;824865.0;БСТ B60 П5 F1300 W20;36.34
month;2019-01-01;2019-01-31;Жилов Всеволод Иосифович;Коченкова Розалия Федоровна;1;1432756.0;БСТ B35 П5 F1300 W12;28.78
week;2019-01-07;2019-01-13;Жилов Всеволод Иосифович;Коченкова Розалия Федоровна;1;1432756.0;БСТ B35 П5 F1300 W12;28.78
month;2019-02-01;2019-02-28;Жилов Всеволод Иосифович;Коченкова Розалия Федоровна;1;859392.0;БСТ B45 П5 F1300 W16;51.35
week;2019-02-04;2019-02-10;Жилов Всеволод Иосифович;Коченкова Розалия Федоровна;1;859392.0;БСТ B45 П5 F1300 W16;51.35
month;2019-03-01;2019-03-31;Жилов Всеволод Иосифович;Коченкова Розалия Федоровна;2;1256962.0;Раствор М200 Пк3;41.97
week;2019-03-18;2019-03-24;Жилов Всеволод Иосифович;Коченкова Розалия Федоровна;2;1256962.0;Раствор М200 Пк3;41.97
week;2019-04-01;2019-04-07;Жилов Всеволод Иосифович;Коченкова Розалия Федоровна;1;587604.0;Мелкозернистый бетон БСМ B 7,5 П3,П4;50.51
month;2019-04-01;2019-04-30;Жилов Всеволод Иосифович;Коченкова Розалия Федоровна;3;1889091.0;БСТ B40 П5 F1300 W14;50.51
week;2019-04-08;2019-04-14;Жилов Всеволод Иосифович;Коченкова Розалия Федоровна;1;855447.0;БСТ B40 П5 F1300 W14;45.39
week;2019-04-22;2019-04-28;Жилов Всеволод Иосифович;Коченкова Розалия Федоровна;1;446040.0;Раствор М100 Пк3;22.47
month;2019-05-01;2019-05-31;Жилов Всеволод Иосифович;Коченкова Розалия Федоровна;3;1588002.0;Мелкозернистый бетон БСМ B15 П3,П4;26.00
week;2019-05-06;2019-05-12;Жилов Всеволод Иосифович;Коченкова Розалия Федоровна;1;523026.0;Мелкозернистый бетон БСМ B15 П3,П4;26.00
week;2019-05-20;2019-05-26;Жилов Всеволод Иосифович;Коченкова Розалия Федоровна;2;1064976.0;Раствор кладочный М100 Пк3;22.00
week;2019-05-27;2019-06-02;Жилов Всеволод Иосифович;Коченкова Розалия Федоровна;1;46481.0;Дегидрация;42.80
month;2019-06-01;2019-06-30;Жилов Всеволод Иосифович;Коченкова Розалия Федоровна;2;613159.0;Мелкозернистый бетон БСМ B25 П3,П4;42.80
week;2019-06-03;2019-06-09;Жилов Всеволод Иосифович;Коченкова Розалия Федоровна;1;566678.0;Мелкозернистый бетон БСМ B25 П3,П4;19.00
month;2019-07-01;2019-07-31;Жилов Всеволод Иосифович;Коченкова Розалия Федоровна;2;1246773.0;Раствор кладочный М100 Пк3;42.00
week;2019-07-22;2019-07-28;Жилов Всеволод Иосифович;Коченкова Розалия Федоровна;1;609477.0;БСТ B22,5 П4 F1100 W6;21.00
week;2019-07-29;2019-08-04;Жилов Всеволод Иосифович;Коченкова Розалия Федоровна;1;637296.0;Раствор кладочный М100 Пк3;42.00
month;2019-08-01;2019-08-31;Жилов Всеволод Иосифович;Коченкова Розалия Федоровна;1;42958.0;Фасовка;35.60
week;2019-08-12;2019-08-18;Жилов Всеволод Иосифович;Коченкова Розалия Федоровна;1;42958.0;Фасовка;35.60
month;2019-09-01;2019-09-30;Жилов Всеволод Иосифович;Коченкова Розалия Федоровна;1;550735.0;Мелкозернистый бетон БСМ B22,5 П3,П4;15.00
week;2019-09-09;2019-09-15;Жилов Всеволод Иосифович;Коченкова Розалия Федоровна;1;550735.0;Мелкозернистый бетон БСМ B22,5 П3,П4;15.00
week;2019-10-28;2019-11-03;Жилов Всеволод Иосифович;Коченкова Розалия Федоровна;1;540766.0;Мелкозернистый бетон БСМ B 7,5 П3,П4;27.00
month;2019-11-01;2019-11-30;Жилов Всеволод Иосифович;Коченкова Розалия Федоровна;3;1722005.0;Раствор М200 Пк3;35.00
week;2019-11-11;2019-11-17;Жилов Всеволод Иосифович;Коченкова Розалия Федоровна;1;566314.0;Мелкозернистый бетон БСМ B 7,5 П3,П4;33.00
week;2019-11-25;2019-12-01;Жилов Всеволод Иосифович;Коченкова Розалия Федоровна;1;614925.0;Раствор М200 Пк3;35.00
month;2019-12-01;2019-12-31;Жилов Всеволод Иосифович;Коченкова Розалия Федоровна;5;2776005.0;БСТ B30 П4 F1200 W10;50.00
week;2019-12-02;2019-12-08;Жилов Всеволод Иосифович;Коченкова Розалия Федоровна;4;2194749.0;БСТ B30 П4 F1200 W10;50.00
week;2019-12-23;2019-12-29;Жилов Всеволод Иосифович;Коченкова Розалия Федоровна;1;581256.0;Раствор М150 Пк3;38.00
week;2019-12-30;2020-01-05;Жилов Всеволод Иосифович;Коченкова Розалия Федоровна;1;764442.0;БСТ B40 П5 F1300 W14;26.00
month;2020-01-01;2020-01-31;Жилов Всеволод Иосифович;Коченкова Розалия Федоровна;3;3226553.0;БСТ B30 П4 F1200 W10;46.00
week;2020-01-06;2020-01-12;Жилов Всеволод Иосифович;Коченкова Розалия Федоровна;1;758875.0;БСТ B35 П5 F1300 W12;25.00
week;2020-01-13;2020-01-19;Жилов Всеволод Иосифович;Коченкова Розалия Федоровна;1;1703236.0;БСТ B30 П4 F1200 W10;46.00
week;2020-01-27;2020-02-02;Жилов Всеволод Иосифович;Коченкова Розалия Федоровна;1;602768.0;БСТ B45 П5 F1300 W16;1.00
month;2020-02-01;2020-02-29;Жилов Всеволод Иосифович;Коченкова Розалия Федоровна;3;1728449.0;Раствор М200 Пк3;35.00
week;2020-02-03;2020-02-09;Жилов Всеволод Иосифович;Коченкова Розалия Федоровна;2;1125681.0;Раствор М200 Пк3;35.00
month;2018-11-01;2018-11-30;Касатый Ника Федотовна;Касатый Ника Федотовна;3;832672.0;БСТ B40 П5 F1300 W14;42.80
week;2018-11-19;2018-11-25;Касатый Ника Федотовна;Касатый Ника Федотовна;2;785377.0;БСТ B40 П5 F1300 W14;38.45
week;2018-11-26;2018-12-02;Касатый Ника Федотовна;Касатый Ника Федотовна;1;47295.0;Доставка;42.80
month;2018-12-01;2018-12-31;Касатый Ника Федотовна;Касатый Ника Федотовна;4;2599179.0;БСТ B22,5 П4 F1100 W6;67.90
week;2018-12-03;2018-12-09;Касатый Ника Федотовна;Касатый Ника Федотовна;1;523113.0;БСТ B 7,5 П3,П4;32.10
week;2018-12-17;2018-12-23;Касатый Ника Федотовна;Касатый Ника Федотовна;1;579198.0;БСТ B35 П5 F1200 W12;19.92
week;2018-12-24;2018-12-30;Касатый Ника Федотовна;Касатый Ника Федотовна;2;1496868.0;БСТ B22,5 П4 F1100 W6;67.90
month;2019-02-01;2019-02-28;Касатый Ника Федотовна;Касатый Ника Федотовна;3;2200753.0;БСТ B20 П3,П4;53.58
week;2019-02-11;2019-02-17;Касатый Ника Федотовна;Касатый Ника Федотовна;1;713550.0;БСТ B20 П3,П4;53.58
week;2019-02-25;2019-03-03;Касатый Ника Федотовна;Касатый Ника Федотовна;2;1487203.0;БСТ B50 П5 F1300 W18;39.63
month;2019-03-01;2019-03-31;Касатый Ника Федотовна;Касатый Ника Федотовна;1;602768.0;БСТ B45 П5 F1300 W16;6.16
week;2019-03-11;2019-03-17;Касатый Ника Федотовна;Касатый Ника Федотовна;1;602768.0;БСТ B45 П5 F1300 W16;6.16
month;2019-04-01;2019-04-30;Касатый Ника Федотовна;Касатый Ника Федотовна;1;537675.0;БСТ B20 П3,П4;15.73
week;2019-04-15;2019-04-21;Касатый Ника Федотовна;Касатый Ника Федотовна;1;537675.0;БСТ B20 П3,П4;15.73
week;2019-04-29;2019-05-05;Касатый Ника Федотовна;Касатый Ника Федотовна;1;543683.0;БСТ B30 П4 F1150 W10;1.00
month;2019-05-01;2019-05-31;Касатый Ника Федотовна;Касатый Ника Федотовна;5;3271425.0;БСТ B30 П4 F1200 W10;47.00
week;2019-05-20;2019-05-26;Касатый Ника Федотовна;Касатый Ника Федотовна;2;1053671.0;Мелкозернистый бетон БСМ B15 П3,П4;41.00
week;2019-05-27;2019-06-02;Касатый Ника Федотовна;Касатый Ника Федотовна;2;1674071.0;БСТ B30 П4 F1200 W10;47.00
month;2019-08-01;2019-08-31;Касатый Ника Федотовна;Касатый Ника Федотовна;1;434889.0;Раствор М100 Пк3;17.00
week;2019-08-26;2019-09-01;Касатый Ника Федотовна;Касатый Ника Федотовна;1;434889.0;Раствор М100 Пк3;17.00
month;2019-09-01;2019-09-30;Касатый Ника Федотовна;Касатый Ника Федотовна;2;94270.0;Доставка;60.80
week;2019-09-16;2019-09-22;Касатый Ника Федотовна;Касатый Ника Федотовна;1;41013.0;Дегидрация;26.00
week;2019-09-23;2019-09-29;Касатый Ника Федотовна;Касатый Ника Федотовна;1;53257.0;Доставка;60.80
month;2019-10-01;2019-10-31;Касатый Ника Федотовна;Касатый Ника Федотовна;2;1008435.0;Раствор кладочный М100 Пк3;32.00
week;2019-10-14;2019-10-20;Касатый Ника Федотовна;Касатый Ника Федотовна;2;1008435.0;Раствор кладочный М100 Пк3;32.00
month;2019-11-01;2019-11-30;Касатый Ника Федотовна;Касатый Ника Федотовна;3;1791259.0;БСТ B12,5 П3,П4;40.00
week;2019-11-04;2019-11-10;Касатый Ника Федотовна;Касатый Ника Федотовна;1;657720.0;БСТ B12,5 П3,П4;40.00
week;2019-11-11;2019-11-17;Касатый Ника Федотовна;Касатый Ника Федотовна;1;579469.0;Мелкозернистый бетон БСМ B22,5 П3,П4;21.00
week;2019-11-18;2019-11-24;Касатый Ника Федотовна;Касатый Ника Федотовна;1;554070.0;БСТ B22,5 П4 F1100 W6;10.00
month;2019-12-01;2019-12-31;Касатый Ника Федотовна;Касатый Ника Федотовна;4;1967837.0;Мелкозернистый бетон БСМ B25 П3,П4;78.80
week;2019-12-02;2019-12-08;Касатый Ника Федотовна;Касатый Ника Федотовна;1;661918.0;Мелкозернистый бетон БСМ B25 П3,П4;39.00
week;2019-12-09;2019-12-15;Касатый Ника Федотовна;Касатый Ника Федотовна;2;1246700.0;БСТ B45 П5 F1300 W16;26.00
week;2019-12-16;2019-12-22;Касатый Ника Федотовна;Касатый Ника Федотовна;1;59219.0;Доставка;78.80
month;2020-01-01;2020-01-31;Касатый Ника Федотовна;Касатый Ника Федотовна;2;1185016.0;БСТ B20 П3,П4;24.00
week;2020-01-06;2020-01-12;Касатый Ника Федотовна;Касатый Ника Федотовна;1;623100.0;БСТ B20 П3,П4;24.00
week;2020-01-20;2020-01-26;Касатый Ника Федотовна;Касатый Ника Федотовна;1;561916.0;Мелкозернистый бетон БСМ B25 П3,П4;18.00
month;2018-11-01;2018-11-30;Ковпака Людмила Степановна;Янушко Анастасия Антониновна;1;837360.0;Пусковая смесь;33.98
week;2018-11-19;2018-11-25;Ковпака Людмила Степановна;Янушко Анастасия Антониновна;1;837360.0;Пусковая смесь;33.98
month;2018-12-01;2018-12-31;Ковпака Людмила Степановна;Янушко Анастасия Антониновна;5;2416368.0;БСТ B45 П5 F1300 W16;46.40
week;2018-12-10;2018-12-16;Ковпака Людмила Степановна;Янушко Анастасия Антониновна;2;542168.0;Раствор кладочный М100 Пк3;46.40
week;2018-12-24;2018-12-30;Ковпака Людмила Степановна;Янушко Анастасия Антониновна;3;1874200.0;БСТ B45 П5 F1300 W16;40.10
week;2018-12-31;2019-01-06;Ковпака Людмила Степановна;Янушко Анастасия Антониновна;2;1267839.0;Раствор кладочный М150 Пк3;45.94
month;2019-01-01;2019-01-31;Ковпака Людмила Степановна;Янушко Анастасия Антониновна;2;1267839.0;Раствор кладочный М150 Пк3;45.94
month;2019-02-01;2019-02-28;Ковпака Людмила Степановна;Янушко Анастасия Антониновна;2;1973816.0;Мелкозернистый бетон БСМ B 7,5 П3,П4;55.97
week;2019-02-04;2019-02-10;Ковпака Людмила Степановна;Янушко Анастасия Антониновна;1;608894.0;Мелкозернистый бетон БСМ B 7,5 П3,П4;55.97
week;2019-02-11;2019-02-17;Ковпака Людмила Степановна;Янушко Анастасия Антониновна;1;1364922.0;БСТ B30 П4 F1200 W10;24.08
week;2019-04-29;2019-05-05;Ковпака Людмила Степановна;Янушко Анастасия Антониновна;1;50296.0;Формовка;41.60
month;2019-05-01;2019-05-31;Ковпака Людмила Степановна;Янушко Анастасия Антониновна;2;509404.0;Раствор М150 Пк3;41.60
week;2019-05-20;2019-05-26;Ковпака Людмила Степановна;Янушко Анастасия Антониновна;1;459108.0;Раствор М150 Пк3;9.00
month;2019-06-01;2019-06-30;Ковпака Людмила Степановна;Янушко Анастасия Антониновна;5;3387100.0;Мелкозернистый бетон БСМ B15 П3,П4;46.00
week;2019-06-03;2019-06-09;Ковпака Людмила Степановна;Янушко Анастасия Антониновна;1;507144.0;Раствор кладочный М100 Пк3;13.00
week;2019-06-10;2019-06-16;Ковпака Людмила Степановна;Янушко Анастасия Антониновна;1;519476.0;Мелкозернистый бетон БСМ B 7,5 П3,П4;22.00
week;2019-06-17;2019-06-23;Ковпака Людмила Степановна;Янушко Анастасия Антониновна;1;1185672.0;БСТ B15 П3,П4;27.00
week;2019-06-24;2019-06-30;Ковпака Людмила Степановна;Янушко Анастасия Антониновна;2;1174808.0;Мелкозернистый бетон БСМ B15 П3,П4;46.00
month;2019-07-01;2019-07-31;Ковпака Людмила Степановна;Янушко Анастасия Антониновна;6;3651285.0;Пусковая смесь;50.00
week;2019-07-08;2019-07-14;Ковпака Людмила Степановна;Янушко Анастасия Антониновна;1;608025.0;БСТ B20 П3,П4;21.00
week;2019-07-15;2019-07-21;Ковпака Людмила Степановна;Янушко Анастасия Антониновна;3;1565784.0;БСТ B50 П5 F1300 W18;50.00
week;2019-07-22;2019-07-28;Ковпака Людмила Степановна;Янушко Анастасия Антониновна;2;1477476.0;Пусковая смесь;28.00
week;2019-07-29;2019-08-04;Ковпака Людмила Степановна;Янушко Анастасия Антониновна;1;915795.0;БСТ B60 П5 F1300 W20;41.00
month;2019-08-01;2019-08-31;Ковпака Людмила Степановна;Янушко Анастасия Антониновна;1;915795.0;БСТ B60 П5 F1300 W20;41.00
week;2019-09-30;2019-10-06;Ковпака Людмила Степановна;Янушко Анастасия Антониновна;1;507384.0;БСТ B12,5 П3,П4;8.00
month;2019-10-01;2019-10-31;Ковпака Людмила Степановна;Янушко Анастасия Антониновна;2;1429674.0;БСТ B60 П5 F1300 W20;42.00
week;2019-10-07;2019-10-13;Ковпака Людмила Степановна;Янушко Анастасия Антониновна;1;922290.0;БСТ B60 П5 F1300 W20;42.00
week;2019-10-28;2019-11-03;Ковпака Людмила Степановна;Янушко Анастасия Антониновна;1;492804.0;Раствор М150 Пк3;17.00
month;2019-11-01;2019-11-30;Ковпака Людмила Степановна;Янушко Анастасия Антониновна;5;2064176.0;БСТ B35 П5 F1300 W12;78.80
week;2019-11-04;2019-11-10;Ковпака Людмила Степановна;Янушко Анастасия Антониновна;1;54449.0;Доставка;64.40
week;2019-11-11;2019-11-17;Ковпака Людмила Степановна;Янушко Анастасия Антониновна;1;547624.0;Раствор кладочный М150 Пк3;27.00
week;2019-11-25;2019-12-01;Ковпака Людмила Степановна;Янушко Анастасия Антониновна;2;969299.0;БСТ B35 П5 F1300 W12;78.80
month;2019-12-01;2019-12-31;Ковпака Людмила Степановна;Янушко Анастасия Антониновна;1;531579.0;Мелкозернистый бетон БСМ B22,5 П3,П4;11.00
week;2019-12-16;2019-12-22;Ковпака Людмила Степановна;Янушко Анастасия Антониновна;1;531579.0;Мелкозернистый бетон БСМ B22,5 П3,П4;11.00
month;2020-01-01;2020-01-31;Ковпака Людмила Степановна;Янушко Анастасия Антониновна;1;709839.0;БСТ B40 П5 F1300 W14;17.00
week;2020-01-06;2020-01-12;Ковпака Людмила Степановна;Янушко Анастасия Антониновна;1;709839.0;БСТ B40 П5 F1300 W14;17.00
month;2020-02-01;2020-02-29;Ковпака Людмила Степановна;Янушко Анастасия Антониновна;1;1795832.0;БСТ B40 П5 F1300 W14;48.00
week;2020-02-03;2020-02-09;Ковпака Людмила Степановна;Янушко Анастасия Антониновна;1;1795832.0;БСТ B40 П5 F1300 W14;48.00
month;2018-11-01;2018-11-30;Кокоткин Аркадий Анатолиевич;Кокоткин Аркадий Анатолиевич;1;822564.0;БСТ B25 П4 F1200 W10;65.17
week;2018-11-12;2018-11-18;Кокоткин Аркадий Анатолиевич;Кокоткин Аркадий Анатолиевич;1;822564.0;БСТ B25 П4 F1200 W10;65.17
month;2018-12-01;2018-12-31;Кокоткин Аркадий Анатолиевич;Кокоткин Аркадий Анатолиевич;1;488592.0;Раствор М150 Пк3;31.70
week;2018-12-03;2018-12-09;Кокоткин Аркадий Анатолиевич;Кокоткин Аркадий Анатолиевич;1;488592.0;Раствор М150 Пк3;31.70
month;2019-01-01;2019-01-31;Кокоткин Аркадий Анатолиевич;Кокоткин Аркадий Анатолиевич;2;851099.0;БСТ B45 П5 F1300 W16;42.95
week;2019-01-14;2019-01-20;Кокоткин Аркадий Анатолиевич;Кокоткин Аркадий Анатолиевич;1;811648.0;БСТ B45 П5 F1300 W16;42.95
week;2019-01-28;2019-02-03;Кокоткин Аркадий Анатолиевич;Кокоткин Аркадий Анатолиевич;2;822610.0;БСТ B35 П5 F1300 W12;40.78
month;2019-02-01;2019-02-28;Кокоткин Аркадий Анатолиевич;Кокоткин Аркадий Анатолиевич;1;783159.0;БСТ B35 П5 F1300 W12;40.78
month;2019-03-01;2019-03-31;Кокоткин Аркадий Анатолиевич;Кокоткин Аркадий Анатолиевич;3;573870.0;Мелкозернистый бетон БСМ B25 П3,П4;42.80
week;2019-03-04;2019-03-10;Кокоткин Аркадий Анатолиевич;Кокоткин Аркадий Анатолиевич;1;42185.0;Дегидрация;29.60
week;2019-03-11;2019-03-17;Кокоткин Аркадий Анатолиевич;Кокоткин Аркадий Анатолиевич;1;480962.0;Мелкозернистый бетон БСМ B25 П3,П4;8.25
week;2019-03-25;2019-03-31;Кокоткин Аркадий Анатолиевич;Кокоткин Аркадий Анатолиевич;1;50723.0;Формовка;42.80
month;2019-04-01;2019-04-30;Кокоткин Аркадий Анатолиевич;Кокоткин Аркадий Анатолиевич;2;1379248.0;БСТ B30 П4 F1150 W10;28.78
week;2019-04-22;2019-04-28;Кокоткин Аркадий Анатолиевич;Кокоткин Аркадий Анатолиевич;2;1379248.0;БСТ B30 П4 F1150 W10;28.78
week;2019-04-29;2019-05-05;Кокоткин Аркадий Анатолиевич;Кокоткин Аркадий Анатолиевич;1;921096.0;Пусковая смесь;32.00
month;2019-05-01;2019-05-31;Кокоткин Аркадий Анатолиевич;Кокоткин Аркадий Анатолиевич;6;4600508.0;БСТ B60 П5 F1300 W20;50.00
week;2019-05-06;2019-05-12;Кокоткин Аркадий Анатолиевич;Кокоткин Аркадий Анатолиевич;2;1436192.0;БСТ B45 П5 F1300 W16;50.00
week;2019-05-20;2019-05-26;Кокоткин Аркадий Анатолиевич;Кокоткин Аркадий Анатолиевич;3;2243220.0;БСТ B60 П5 F1300 W20;49.00
month;2019-06-01;2019-06-30;Кокоткин Аркадий Анатолиевич;Кокоткин Аркадий Анатолиевич;2;1380084.0;Пусковая смесь;13.00
week;2019-06-03;2019-06-09;Кокоткин Аркадий Анатолиевич;Кокоткин Аркадий Анатолиевич;1;788514.0;Пусковая смесь;13.00
week;2019-06-10;2019-06-16;Кокоткин Аркадий Анатолиевич;Кокоткин Аркадий Анатолиевич;1;591570.0;БСТ B25 П4 F1200 W10;5.00
week;2019-07-01;2019-07-07;Кокоткин Аркадий Анатолиевич;Кокоткин Аркадий Анатолиевич;2;1192090.0;Мелкозернистый бетон БСМ B22,5 П3,П4;39.20
month;2019-07-01;2019-07-31;Кокоткин Аркадий Анатолиевич;Кокоткин Аркадий Анатолиевич;3;1773230.0;Мелкозернистый бетон БСМ B15 П3,П4;40.00
week;2019-07-08;2019-07-14;Кокоткин Аркадий Анатолиевич;Кокоткин Аркадий Анатолиевич;1;581140.0;Мелкозернистый бетон БСМ B15 П3,П4;40.00
month;2019-08-01;2019-08-31;Кокоткин Аркадий Анатолиевич;Кокоткин Аркадий Анатолиевич;2;701173.0;Раствор кладочный М100 Пк3;47.00
week;2019-08-26;2019-09-01;Кокоткин Аркадий Анатолиевич;Кокоткин Аркадий Анатолиевич;2;701173.0;Раствор кладочный М100 Пк3;47.00
month;2019-09-01;2019-09-30;Кокоткин Аркадий Анатолиевич;Кокоткин Аркадий Анатолиевич;4;3392762.0;Раствор М200 Пк3;50.00
week;2019-09-09;2019-09-15;Кокоткин Аркадий Анатолиевич;Кокоткин Аркадий Анатолиевич;1;599403.0;БСТ B22,5 П4 F1100 W6;19.00
week;2019-09-16;2019-09-22;Кокоткин Аркадий Анатолиевич;Кокоткин Аркадий Анатолиевич;2;1288743.0;Раствор М200 Пк3;50.00
week;2019-09-23;2019-09-29;Кокоткин Аркадий Анатолиевич;Кокоткин Аркадий Анатолиевич;1;1504616.0;БСТ B40 П5 F1300 W14;24.00
week;2019-09-30;2019-10-06;Кокоткин Аркадий Анатолиевич;Кокоткин Аркадий Анатолиевич;2;1177518.0;Мелкозернистый бетон БСМ B22,5 П3,П4;20.00
month;2019-10-01;2019-10-31;Кокоткин Аркадий Анатолиевич;Кокоткин Аркадий Анатолиевич;5;2683268.0;БСТ B25 П4 F1200 W10;46.40
week;2019-10-07;2019-10-13;Кокоткин Аркадий Анатолиевич;Кокоткин Аркадий Анатолиевич;1;48488.0;Доставка;46.40
week;2019-10-21;2019-10-27;Кокоткин Аркадий Анатолиевич;Кокоткин Аркадий Анатолиевич;2;1457262.0;БСТ B25 П4 F1200 W10;23.00
month;2019-11-01;2019-11-30;Кокоткин Аркадий Анатолиевич;Кокоткин Аркадий Анатолиевич;3;1673460.0;БСТ B60 П5 F1300 W20;50.00
week;2019-11-04;2019-11-10;Кокоткин Аркадий Анатолиевич;Кокоткин Аркадий Анатолиевич;1;730365.0;БСТ B22,5 П4 F1100 W6;45.00
week;2019-11-18;2019-11-24;Кокоткин Аркадий Анатолиевич;Кокоткин Аркадий Анатолиевич;1;53280.0;Формовка;50.00
week;2019-11-25;2019-12-01;Кокоткин Аркадий Анатолиевич;Кокоткин Аркадий Анатолиевич;1;889815.0;БСТ B60 П5 F1300 W20;37.00
month;2019-12-01;2019-12-31;Кокоткин Аркадий Анатолиевич;Кокоткин Аркадий Анатолиевич;1;49018.0;Формовка;38.00
week;2019-12-16;2019-12-22;Кокоткин Аркадий Анатолиевич;Кокоткин Аркадий Анатолиевич;1;49018.0;Формовка;38.00
week;2020-01-27;2020-02-02;Кокоткин Аркадий Анатолиевич;Кокоткин Аркадий Анатолиевич;1;89056.0;Дегидрация;14.00
month;2020-02-01;2020-02-29;Кокоткин Аркадий Анатолиевич;Кокоткин Аркадий Анатолиевич;1;89056.0;Дегидрация;14.00
week;2018-10-29;2018-11-04;Косма Ефросиния Тимуровна;Янушко Анастасия Антониновна;1;38771.0;Упаковка европалет;27.20
month;2018-11-01;2018-11-30;Косма Ефросиния Тимуровна;Янушко Анастасия Антониновна;1;38771.0;Упаковка европалет;27.20
month;2018-12-01;2018-12-31;Косма Ефросиния Тимуровна;Янушко Анастасия Антониновна;2;87154.0;Формовка;33.20
week;2018-12-03;2018-12-09;Косма Ефросиния Тимуровна;Янушко Анастасия Антониновна;1;47313.0;Формовка;33.20
week;2018-12-17;2018-12-23;Косма Ефросиния Тимуровна;Янушко Анастасия Антониновна;1;39841.0;Дегидрация;22.40
month;2019-01-01;2019-01-31;Косма Ефросиния Тимуровна;Янушко Анастасия Антониновна;2;1350446.0;БСТ B35 П5 F1200 W12;55.75
week;2019-01-07;2019-01-13;Косма Ефросиния Тимуровна;Янушко Анастасия Антониновна;1;756610.0;БСТ B35 П5 F1200 W12;55.75
week;2019-01-21;2019-01-27;Косма Ефросиния Тимуровна;Янушко Анастасия Антониновна;1;593836.0;Мелкозернистый бетон БСМ B22,5 П3,П4;34.05
month;2019-02-01;2019-02-28;Косма Ефросиния Тимуровна;Янушко Анастасия Антониновна;2;1584987.0;БСТ B60 П5 F1300 W20;42.08
week;2019-02-18;2019-02-24;Косма Ефросиния Тимуровна;Янушко Анастасия Антониновна;1;863835.0;БСТ B60 П5 F1300 W20;42.08
week;2019-02-25;2019-03-03;Косма Ефросиния Тимуровна;Янушко Анастасия Антониновна;2;1413246.0;БСТ B25 П4 F1200 W10;38.36
month;2019-03-01;2019-03-31;Косма Ефросиния Тимуровна;Янушко Анастасия Антониновна;1;692094.0;БСТ B35 П5 F1300 W12;24.41
week;2019-04-01;2019-04-07;Косма Ефросиния Тимуровна;Янушко Анастасия Антониновна;1;39136.0;Упаковка европалет;28.40
month;2019-04-01;2019-04-30;Косма Ефросиния Тимуровна;Янушко Анастасия Антониновна;5;2025739.0;БСТ B20 П3,П4;56.83
week;2019-04-08;2019-04-14;Косма Ефросиния Тимуровна;Янушко Анастасия Антониновна;1;728625.0;БСТ B20 П3,П4;56.83
week;2019-04-22;2019-04-28;Косма Ефросиния Тимуровна;Янушко Анастасия Антониновна;3;1257978.0;БСТ B25 П4 F1150 W8;40.40
month;2019-05-01;2019-05-31;Косма Ефросиния Тимуровна;Янушко Анастасия Антониновна;1;49870.0;Формовка;40.40
week;2019-05-06;2019-05-12;Косма Ефросиния Тимуровна;Янушко Анастасия Антониновна;1;49870.0;Формовка;40.40
month;2019-07-01;2019-07-31;Косма Ефросиния Тимуровна;Янушко Анастасия Антониновна;1;493928.0;Мелкозернистый бетон БСМ B 7,5 П3,П4;16.00
week;2019-07-22;2019-07-28;Косма Ефросиния Тимуровна;Янушко Анастасия Антониновна;1;493928.0;Мелкозернистый бетон БСМ B 7,5 П3,П4;16.00
month;2019-09-01;2019-09-30;Косма Ефросиния Тимуровна;Янушко Анастасия Антониновна;3;1566526.0;Мелкозернистый бетон БСМ B15 П3,П4;38.00
week;2019-09-09;2019-09-15;Косма Ефросиния Тимуровна;Янушко Анастасия Антониновна;1;572838.0;Мелкозернистый бетон БСМ B15 П3,П4;38.00
week;2019-09-23;2019-09-29;Косма Ефросиния Тимуровна;Янушко Анастасия Антониновна;2;993688.0;Мелкозернистый бетон БСМ B 7,5 П3,П4;24.00
month;2019-10-01;2019-10-31;Косма Ефросиния Тимуровна;Янушко Анастасия Антониновна;1;54449.0;Доставка;64.40
week;2019-10-28;2019-11-03;Косма Ефросиния Тимуровна;Янушко Анастасия Антониновна;1;54449.0;Доставка;64.40
month;2019-11-01;2019-11-30;Косма Ефросиния Тимуровна;Янушко Анастасия Антониновна;1;571440.0;Мелкозернистый бетон БСМ B25 П3,П4;20.00
week;2019-11-18;2019-11-24;Косма Ефросиния Тимуровна;Янушко Анастасия Антониновна;1;571440.0;Мелкозернистый бетон БСМ B25 П3,П4;20.00
month;2019-12-01;2019-12-31;Косма Ефросиния Тимуровна;Янушко Анастасия Антониновна;2;723269.0;БСТ B45 П5 F1300 W16;47.60
week;2019-12-02;2019-12-08;Косма Ефросиния Тимуровна;Янушко Анастасия Антониновна;1;674384.0;БСТ B45 П5 F1300 W16;13.00
week;2019-12-23;2019-12-29;Косма Ефросиния Тимуровна;Янушко Анастасия Антониновна;1;48885.0;Доставка;47.60
week;2019-12-30;2020-01-05;Косма Ефросиния Тимуровна;Янушко Анастасия Антониновна;1;569375.0;Раствор М200 Пк3;25.00
month;2020-01-01;2020-01-31;Косма Ефросиния Тимуровна;Янушко Анастасия Антониновна;3;671846.0;Раствор М200 Пк3;42.00
week;2020-01-13;2020-01-19;Косма Ефросиния Тимуровна;Янушко Анастасия Антониновна;1;53983.0;Фасовка;42.00
week;2020-01-20;2020-01-26;Косма Ефросиния Тимуровна;Янушко Анастасия Антониновна;1;48488.0;Доставка;22.00
month;2020-02-01;2020-02-29;Косма Ефросиния Тимуровна;Янушко Анастасия Антониновна;3;2089943.0;Раствор М200 Пк3;40.00
week;2020-02-03;2020-02-09;Косма Ефросиния Тимуровна;Янушко Анастасия Антониновна;2;1287473.0;Раствор М200 Пк3;40.00
week;2020-02-10;2020-02-16;Косма Ефросиния Тимуровна;Янушко Анастасия Антониновна;1;802470.0;Пусковая смесь;15.00
month;2018-12-01;2018-12-31;Коченкова Розалия Федоровна;Коченкова Розалия Федоровна;2;2113503.0;БСТ B40 П5 F1300 W14;49.71
week;2018-12-17;2018-12-23;Коченкова Розалия Федоровна;Коченкова Розалия Федоровна;1;1306592.0;БСТ B30 П4 F1200 W10;28.60
week;2018-12-24;2018-12-30;Коченкова Розалия Федоровна;Коченкова Розалия Федоровна;1;806911.0;БСТ B40 П5 F1300 W14;49.71
month;2019-01-01;2019-01-31;Коченкова Розалия Федоровна;Коченкова Розалия Федоровна;2;2084710.0;БСТ B20 П3,П4;58.15
week;2019-01-14;2019-01-20;Коченкова Розалия Федоровна;Коченкова Розалия Федоровна;1;617410.0;Мелкозернистый бетон БСМ B 7,5 П3,П4;58.15
week;2019-01-28;2019-02-03;Коченкова Розалия Федоровна;Коченкова Розалия Федоровна;1;1467300.0;БСТ B20 П3,П4;57.91
month;2019-02-01;2019-02-28;Коченкова Розалия Федоровна;Коченкова Розалия Федоровна;2;1382803.0;БСТ B40 П5 F1300 W14;28.89
week;2019-02-11;2019-02-17;Коченкова Розалия Федоровна;Коченкова Розалия Федоровна;1;624428.0;БСТ B30 П4 F1150 W10;20.48
week;2019-02-18;2019-02-24;Коченкова Розалия Федоровна;Коченкова Розалия Федоровна;1;758375.0;БСТ B40 П5 F1300 W14;28.89
month;2019-03-01;2019-03-31;Коченкова Розалия Федоровна;Коченкова Розалия Федоровна;3;1680456.0;Раствор М200 Пк3;44.15
week;2019-03-04;2019-03-10;Коченкова Розалия Федоровна;Коченкова Розалия Федоровна;1;581140.0;Мелкозернистый бетон БСМ B15 П3,П4;41.60
week;2019-03-18;2019-03-24;Коченкова Розалия Федоровна;Коченкова Розалия Федоровна;2;1099316.0;Раствор М200 Пк3;44.15
week;2019-04-01;2019-04-07;Коченкова Розалия Федоровна;Коченкова Розалия Федоровна;2;2188194.0;БСТ B35 П5 F1300 W12;27.68
month;2019-04-01;2019-04-30;Коченкова Розалия Федоровна;Коченкова Розалия Федоровна;5;4400226.0;БСТ B25 П4 F1200 W10;57.82
week;2019-04-15;2019-04-21;Коченкова Розалия Федоровна;Коченкова Розалия Федоровна;2;1389468.0;БСТ B30 П4 F1200 W10;53.78
week;2019-04-22;2019-04-28;Коченкова Розалия Федоровна;Коченкова Розалия Федоровна;1;822564.0;БСТ B25 П4 F1200 W10;57.82
month;2019-05-01;2019-05-31;Коченкова Розалия Федоровна;Коченкова Розалия Федоровна;1;734958.0;БСТ B30 П4 F1200 W10;26.00
week;2019-05-20;2019-05-26;Коченкова Розалия Федоровна;Коченкова Розалия Федоровна;1;734958.0;БСТ B30 П4 F1200 W10;26.00
month;2019-06-01;2019-06-30;Коченкова Розалия Федоровна;Коченкова Розалия Федоровна;1;50941.0;Фасовка;60.80
week;2019-06-17;2019-06-23;Коченкова Розалия Федоровна;Коченкова Розалия Федоровна;1;50941.0;Фасовка;60.80
month;2019-07-01;2019-07-31;Коченкова Розалия Федоровна;Коченкова Розалия Федоровна;1;498399.0;БСТ B 7,5 П3,П4;21.00
week;2019-07-01;2019-07-07;Коченкова Розалия Федоровна;Коченкова Розалия Федоровна;1;498399.0;БСТ B 7,5 П3,П4;21.00
month;2019-08-01;2019-08-31;Коченкова Розалия Федоровна;Коченкова Розалия Федоровна;2;523549.0;БСТ B 7,5 П3,П4;70.40
week;2019-08-19;2019-08-25;Коченкова Розалия Федоровна;Коченкова Розалия Федоровна;1;469566.0;БСТ B 7,5 П3,П4;14.00
week;2019-08-26;2019-09-01;Коченкова Розалия Федоровна;Коченкова Розалия Федоровна;1;53983.0;Фасовка;70.40
month;2019-09-01;2019-09-30;Коченкова Розалия Федоровна;Коченкова Розалия Федоровна;1;686440.0;БСТ B25 П4 F1150 W8;31.00
week;2019-09-02;2019-09-08;Коченкова Розалия Федоровна;Коченкова Розалия Федоровна;1;686440.0;БСТ B25 П4 F1150 W8;31.00
month;2019-10-01;2019-10-31;Коченкова Розалия Федоровна;Коченкова Розалия Федоровна;5;2888935.0;БСТ B35 П5 F1200 W12;62.00
week;2019-10-07;2019-10-13;Коченкова Розалия Федоровна;Коченкова Розалия Федоровна;1;823584.0;БСТ B45 П5 F1300 W16;38.00
week;2019-10-14;2019-10-20;Коченкова Розалия Федоровна;Коченкова Розалия Федоровна;1;713328.0;БСТ B50 П5 F1300 W18;12.00
week;2019-10-21;2019-10-27;Коченкова Розалия Федоровна;Коченкова Розалия Федоровна;1;52731.0;Дегидрация;62.00
week;2019-10-28;2019-11-03;Коченкова Розалия Федоровна;Коченкова Розалия Федоровна;2;1299292.0;БСТ B35 П5 F1200 W12;46.00
month;2019-12-01;2019-12-31;Коченкова Розалия Федоровна;Коченкова Розалия Федоровна;1;745476.0;БСТ B22,5 П4 F1100 W6;48.00
week;2019-12-02;2019-12-08;Коченкова Розалия Федоровна;Коченкова Розалия Федоровна;1;745476.0;БСТ B22,5 П4 F1100 W6;48.00
week;2019-12-30;2020-01-05;Коченкова Розалия Федоровна;Коченкова Розалия Федоровна;1;592950.0;БСТ B20 П3,П4;18.00
month;2020-01-01;2020-01-31;Коченкова Розалия Федоровна;Коченкова Розалия Федоровна;2;1100094.0;БСТ B20 П3,П4;18.00
week;2020-01-06;2020-01-12;Коченкова Розалия Федоровна;Коченкова Розалия Федоровна;1;507144.0;Раствор кладочный М100 Пк3;13.00
month;2018-11-01;2018-11-30;Крыжов Дмитрий Прокофиевич;Янушко Анастасия Антониновна;1;638928.0;БСТ B12,5 П3,П4;56.98
week;2018-11-05;2018-11-11;Крыжов Дмитрий Прокофиевич;Янушко Анастасия Антониновна;1;638928.0;БСТ B12,5 П3,П4;56.98
month;2018-12-01;2018-12-31;Крыжов Дмитрий Прокофиевич;Янушко Анастасия Антониновна;3;1886348.0;БСТ B45 П5 F1300 W16;60.14
week;2018-12-03;2018-12-09;Крыжов Дмитрий Прокофиевич;Янушко Анастасия Антониновна;1;448448.0;Раствор кладочный М150 Пк3;16.18
week;2018-12-17;2018-12-23;Крыжов Дмитрий Прокофиевич;Янушко Анастасия Антониновна;1;895200.0;БСТ B45 П5 F1300 W16;60.14
week;2018-12-24;2018-12-30;Крыжов Дмитрий Прокофиевич;Янушко Анастасия Антониновна;1;542700.0;БСТ B20 П3,П4;25.05
week;2018-12-31;2019-01-06;Крыжов Дмитрий Прокофиевич;Янушко Анастасия Антониновна;1;678340.0;БСТ B35 П5 F1200 W12;39.63
month;2019-01-01;2019-01-31;Крыжов Дмитрий Прокофиевич;Янушко Анастасия Антониновна;4;1842662.0;БСТ B35 П5 F1200 W12;71.60
week;2019-01-14;2019-01-20;Крыжов Дмитрий Прокофиевич;Янушко Анастасия Антониновна;2;1108466.0;БСТ B50 П5 F1300 W18;10.25
week;2019-01-21;2019-01-27;Крыжов Дмитрий Прокофиевич;Янушко Анастасия Антониновна;1;55856.0;Дегидрация;71.60
month;2019-02-01;2019-02-28;Крыжов Дмитрий Прокофиевич;Янушко Анастасия Антониновна;1;59616.0;Доставка;80.00
week;2019-02-04;2019-02-10;Крыжов Дмитрий Прокофиевич;Янушко Анастасия Антониновна;1;59616.0;Доставка;80.00
month;2019-03-01;2019-03-31;Крыжов Дмитрий Прокофиевич;Янушко Анастасия Антониновна;5;2118640.0;Мелкозернистый бетон БСМ B22,5 П3,П4;75.20
week;2019-03-04;2019-03-10;Крыжов Дмитрий Прокофиевич;Янушко Анастасия Антониновна;2;643317.0;Мелкозернистый бетон БСМ B15 П3,П4;75.20
week;2019-03-11;2019-03-17;Крыжов Дмитрий Прокофиевич;Янушко Анастасия Антониновна;1;39917.0;Фасовка;26.00
week;2019-03-18;2019-03-24;Крыжов Дмитрий Прокофиевич;Янушко Анастасия Антониновна;1;670460.0;Мелкозернистый бетон БСМ B22,5 П3,П4;51.35
week;2019-03-25;2019-03-31;Крыжов Дмитрий Прокофиевич;Янушко Анастасия Антониновна;1;764946.0;БСТ B35 П5 F1300 W12;37.51
month;2019-04-01;2019-04-30;Крыжов Дмитрий Прокофиевич;Янушко Анастасия Антониновна;1;637296.0;Раствор кладочный М100 Пк3;55.48
week;2019-04-08;2019-04-14;Крыжов Дмитрий Прокофиевич;Янушко Анастасия Антониновна;1;637296.0;Раствор кладочный М100 Пк3;55.48
month;2019-05-01;2019-05-31;Крыжов Дмитрий Прокофиевич;Янушко Анастасия Антониновна;3;1908569.0;БСТ B45 П5 F1300 W16;42.00
week;2019-05-06;2019-05-12;Крыжов Дмитрий Прокофиевич;Янушко Анастасия Антониновна;1;531351.0;БСТ B 7,5 П3,П4;29.00
week;2019-05-13;2019-05-19;Крыжов Дмитрий Прокофиевич;Янушко Анастасия Антониновна;1;589442.0;Мелкозернистый бетон БСМ B15 П3,П4;42.00
week;2019-05-20;2019-05-26;Крыжов Дмитрий Прокофиевич;Янушко Анастасия Антониновна;1;787776.0;БСТ B45 П5 F1300 W16;32.00
week;2019-07-01;2019-07-07;Крыжов Дмитрий Прокофиевич;Янушко Анастасия Антониновна;1;540270.0;БСТ B12,5 П3,П4;15.00
month;2019-07-01;2019-07-31;Крыжов Дмитрий Прокофиевич;Янушко Анастасия Антониновна;4;2014273.0;БСТ B30 П4 F1200 W10;45.00
week;2019-07-08;2019-07-14;Крыжов Дмитрий Прокофиевич;Янушко Анастасия Антониновна;1;547624.0;Раствор кладочный М150 Пк3;27.00
week;2019-07-15;2019-07-21;Крыжов Дмитрий Прокофиевич;Янушко Анастасия Антониновна;1;80594.0;Фасовка;27.20
week;2019-07-22;2019-07-28;Крыжов Дмитрий Прокофиевич;Янушко Анастасия Антониновна;1;845785.0;БСТ B30 П4 F1200 W10;45.00
month;2019-08-01;2019-08-31;Крыжов Дмитрий Прокофиевич;Янушко Анастасия Антониновна;2;2340154.0;БСТ B40 П5 F1300 W14;25.00
week;2019-08-12;2019-08-18;Крыжов Дмитрий Прокофиевич;Янушко Анастасия Антониновна;1;1516750.0;БСТ B40 П5 F1300 W14;25.00
week;2019-08-19;2019-08-25;Крыжов Дмитрий Прокофиевич;Янушко Анастасия Антониновна;1;823404.0;Пусковая смесь;18.00
month;2019-09-01;2019-09-30;Крыжов Дмитрий Прокофиевич;Янушко Анастасия Антониновна;3;1754660.0;БСТ B22,5 П4 F1100 W6;75.20
week;2019-09-02;2019-09-08;Крыжов Дмитрий Прокофиевич;Янушко Анастасия Антониновна;1;1239102.0;БСТ B22,5 П4 F1100 W6;23.00
week;2019-09-16;2019-09-22;Крыжов Дмитрий Прокофиевич;Янушко Анастасия Антониновна;1;460055.0;Раствор М200 Пк3;1.00
week;2019-09-23;2019-09-29;Крыжов Дмитрий Прокофиевич;Янушко Анастасия Антониновна;1;55503.0;Фасовка;75.20
week;2019-09-30;2019-10-06;Крыжов Дмитрий Прокофиевич;Янушко Анастасия Антониновна;1;644736.0;БСТ B22,5 П4 F1100 W6;28.00
month;2019-10-01;2019-10-31;Крыжов Дмитрий Прокофиевич;Янушко Анастасия Антониновна;2;1209039.0;БСТ B 7,5 П3,П4;37.00
week;2019-10-21;2019-10-27;Крыжов Дмитрий Прокофиевич;Янушко Анастасия Антониновна;1;564303.0;БСТ B 7,5 П3,П4;37.00
week;2019-10-28;2019-11-03;Крыжов Дмитрий Прокофиевич;Янушко Анастасия Антониновна;1;712640.0;БСТ B25 П4 F1150 W8;36.00
month;2019-11-01;2019-11-30;Крыжов Дмитрий Прокофиевич;Янушко Анастасия Антониновна;3;1956121.0;БСТ B25 П4 F1150 W8;77.60
week;2019-11-04;2019-11-10;Крыжов Дмитрий Прокофиевич;Янушко Анастасия Антониновна;1;1185672.0;БСТ B15 П3,П4;27.00
week;2019-11-11;2019-11-17;Крыжов Дмитрий Прокофиевич;Янушко Анастасия Антониновна;1;57809.0;Дегидрация;77.60
week;2019-11-25;2019-12-01;Крыжов Дмитрий Прокофиевич;Янушко Анастасия Антониновна;1;522001.0;Мелкозернистый бетон БСМ B22,5 П3,П4;9.00
month;2019-12-01;2019-12-31;Крыжов Дмитрий Прокофиевич;Янушко Анастасия Антониновна;8;5311016.0;БСТ B45 П5 F1300 W16;54.80
week;2019-12-02;2019-12-08;Крыжов Дмитрий Прокофиевич;Янушко Анастасия Антониновна;4;2698804.0;Раствор кладочный М150 Пк3;42.00
week;2019-12-09;2019-12-15;Крыжов Дмитрий Прокофиевич;Янушко Анастасия Антониновна;1;1647168.0;БСТ B45 П5 F1300 W16;38.00
week;2019-12-16;2019-12-22;Крыжов Дмитрий Прокофиевич;Янушко Анастасия Антониновна;1;394002.0;Раствор М100 Пк3;6.00
week;2019-12-23;2019-12-29;Крыжов Дмитрий Прокофиевич;Янушко Анастасия Антониновна;1;49041.0;Фасовка;54.80
month;2020-01-01;2020-01-31;Крыжов Дмитрий Прокофиевич;Янушко Анастасия Антониновна;1;457776.0;Раствор кладочный М100 Пк3;2.00
week;2020-01-27;2020-02-02;Крыжов Дмитрий Прокофиевич;Янушко Анастасия Антониновна;1;457776.0;Раствор кладочный М100 Пк3;2.00
week;2018-10-29;2018-11-04;Лашкина Инесса Святославовна;Коченкова Розалия Федоровна;1;592836.0;БСТ B15 П3,П4;43.20
month;2018-11-01;2018-11-30;Лашкина Инесса Святославовна;Коченкова Розалия Федоровна;5;2473620.0;БСТ B12,5 П3,П4;69.68
week;2018-11-05;2018-11-11;Лашкина Инесса Святославовна;Коченкова Розалия Федоровна;1;518994.0;БСТ B 7,5 П3,П4;31.06
week;2018-11-19;2018-11-25;Лашкина Инесса Святославовна;Коченкова Розалия Федоровна;2;1323751.0;БСТ B12,5 П3,П4;69.68
week;2018-11-26;2018-12-02;Лашкина Инесса Святославовна;Коченкова Розалия Федоровна;1;38039.0;Упаковка европалет;24.80
week;2018-12-31;2019-01-06;Лашкина Инесса Святославовна;Коченкова Розалия Федоровна;2;692564.0;БСТ B25 П4 F1150 W8;47.60
month;2019-01-01;2019-01-31;Лашкина Инесса Святославовна;Коченкова Розалия Федоровна;4;1346764.0;БСТ B25 П4 F1150 W8;47.60
week;2019-01-07;2019-01-13;Лашкина Инесса Святославовна;Коченкова Розалия Федоровна;1;93520.0;Фасовка;47.60
week;2019-01-21;2019-01-27;Лашкина Инесса Святославовна;Коченкова Розалия Федоровна;1;560680.0;БСТ B25 П4 F1150 W8;11.78
month;2019-02-01;2019-02-28;Лашкина Инесса Святославовна;Коченкова Розалия Федоровна;1;663300.0;БСТ B20 П3,П4;42.77
week;2019-02-25;2019-03-03;Лашкина Инесса Святославовна;Коченкова Розалия Федоровна;2;1301876.0;БСТ B20 П3,П4;42.77
month;2019-03-01;2019-03-31;Лашкина Инесса Святославовна;Коченкова Розалия Федоровна;1;638576.0;БСТ B45 П5 F1300 W16;12.46
week;2019-04-01;2019-04-07;Лашкина Инесса Святославовна;Коченкова Розалия Федоровна;1;583040.0;Раствор М200 Пк3;39.78
month;2019-04-01;2019-04-30;Лашкина Инесса Святославовна;Коченкова Розалия Федоровна;4;1956253.0;Мелкозернистый бетон БСМ B25 П3,П4;44.00
week;2019-04-08;2019-04-14;Лашкина Инесса Святославовна;Коченкова Розалия Федоровна;1;45619.0;Фасовка;44.00
week;2019-04-15;2019-04-21;Лашкина Инесса Святославовна;Коченкова Розалия Федоровна;1;703772.0;БСТ B40 П5 F1300 W14;19.61
week;2019-04-22;2019-04-28;Лашкина Инесса Святославовна;Коченкова Розалия Федоровна;1;623822.0;Мелкозернистый бетон БСМ B25 П3,П4;40.41
month;2019-05-01;2019-05-31;Лашкина Инесса Святославовна;Коченкова Розалия Федоровна;1;480168.0;Раствор М150 Пк3;14.00
week;2019-05-27;2019-06-02;Лашкина Инесса Святославовна;Коченкова Розалия Федоровна;1;480168.0;Раствор М150 Пк3;14.00
month;2019-07-01;2019-07-31;Лашкина Инесса Святославовна;Коченкова Розалия Федоровна;3;1698889.0;БСТ B40 П5 F1300 W14;51.20
week;2019-07-15;2019-07-21;Лашкина Инесса Святославовна;Коченкова Розалия Федоровна;1;983880.0;Раствор М200 Пк3;8.00
week;2019-07-22;2019-07-28;Лашкина Инесса Святославовна;Коченкова Розалия Федоровна;2;715009.0;БСТ B40 П5 F1300 W14;51.20
month;2019-09-01;2019-09-30;Лашкина Инесса Святославовна;Коченкова Розалия Федоровна;4;1823316.0;Пусковая смесь;80.00
week;2019-09-09;2019-09-15;Лашкина Инесса Святославовна;Коченкова Розалия Федоровна;2;561108.0;БСТ B 7,5 П3,П4;80.00
week;2019-09-23;2019-09-29;Лашкина Инесса Святославовна;Коченкова Розалия Федоровна;1;809448.0;Пусковая смесь;16.00
week;2019-09-30;2019-10-06;Лашкина Инесса Святославовна;Коченкова Розалия Федоровна;2;917385.0;Раствор М100 Пк3;25.00
month;2019-10-01;2019-10-31;Лашкина Инесса Святославовна;Коченкова Розалия Федоровна;5;3274363.0;БСТ B45 П5 F1300 W16;39.00
week;2019-10-07;2019-10-13;Лашкина Инесса Святославовна;Коченкова Розалия Федоровна;2;1556992.0;БСТ B45 П5 F1300 W16;39.00
week;2019-10-21;2019-10-27;Лашкина Инесса Святославовна;Коченкова Розалия Федоровна;1;777018.0;БСТ B50 П5 F1300 W18;22.00
week;2019-10-28;2019-11-03;Лашкина Инесса Святославовна;Коченкова Розалия Федоровна;1;475728.0;Раствор кладочный М100 Пк3;6.00
month;2019-11-01;2019-11-30;Лашкина Инесса Святославовна;Коченкова Розалия Федоровна;5;4014479.0;БСТ B 7,5 П3,П4;23.00
week;2019-11-11;2019-11-17;Лашкина Инесса Святославовна;Коченкова Розалия Федоровна;1;1168832.0;БСТ B35 П5 F1200 W12;12.00
week;2019-11-18;2019-11-24;Лашкина Инесса Святославовна;Коченкова Розалия Федоровна;3;2339010.0;БСТ B50 П5 F1300 W18;12.00
week;2019-11-25;2019-12-01;Лашкина Инесса Святославовна;Коченкова Розалия Федоровна;1;506637.0;БСТ B 7,5 П3,П4;23.00
month;2019-12-01;2019-12-31;Лашкина Инесса Святославовна;Коченкова Розалия Федоровна;4;2008468.0;БСТ B15 П3,П4;63.20
week;2019-12-02;2019-12-08;Лашкина Инесса Святославовна;Коченкова Розалия Федоровна;1;584898.0;БСТ B 7,5 П3,П4;42.00
week;2019-12-09;2019-12-15;Лашкина Инесса Святославовна;Коченкова Розалия Федоровна;1;672192.0;БСТ B15 П3,П4;44.00
week;2019-12-16;2019-12-22;Лашкина Инесса Святославовна;Коченкова Розалия Федоровна;1;53122.0;Дегидрация;63.20
week;2019-12-23;2019-12-29;Лашкина Инесса Святославовна;Коченкова Розалия Федоровна;1;698256.0;БСТ B45 П5 F1300 W16;17.00
month;2020-01-01;2020-01-31;Лашкина Инесса Святославовна;Коченкова Розалия Федоровна;1;682461.0;БСТ B30 П4 F1200 W10;17.00
week;2020-01-20;2020-01-26;Лашкина Инесса Святославовна;Коченкова Розалия Федоровна;1;682461.0;БСТ B30 П4 F1200 W10;17.00
month;2018-11-01;2018-11-30;Пряхина Александра Мефодиевна;Коченкова Розалия Федоровна;1;695252.0;Мелкозернистый бетон БСМ B25 П3,П4;60.94
week;2018-11-05;2018-11-11;Пряхина Александра Мефодиевна;Коченкова Розалия Федоровна;1;695252.0;Мелкозернистый бетон БСМ B25 П3,П4;60.94
month;2018-12-01;2018-12-31;Пряхина Александра Мефодиевна;Коченкова Розалия Федоровна;1;95830.0;Упаковка европалет;57.20
week;2018-12-10;2018-12-16;Пряхина Александра Мефодиевна;Коченкова Розалия Федоровна;1;95830.0;Упаковка европалет;57.20
month;2019-01-01;2019-01-31;Пряхина Александра Мефодиевна;Коченкова Розалия Федоровна;1;570572.0;Мелкозернистый бетон БСМ B 7,5 П3,П4;46.15
week;2019-01-07;2019-01-13;Пряхина Александра Мефодиевна;Коченкова Розалия Федоровна;1;570572.0;Мелкозернистый бетон БСМ B 7,5 П3,П4;46.15
month;2019-02-01;2019-02-28;Пряхина Александра Мефодиевна;Коченкова Розалия Федоровна;2;1376205.0;БСТ B40 П5 F1300 W14;42.29
week;2019-02-18;2019-02-24;Пряхина Александра Мефодиевна;Коченкова Розалия Федоровна;1;837246.0;БСТ B40 П5 F1300 W14;42.29
week;2019-02-25;2019-03-03;Пряхина Александра Мефодиевна;Коченкова Розалия Федоровна;1;538959.0;БСТ B22,5 П4 F1100 W6;11.72
month;2019-03-01;2019-03-31;Пряхина Александра Мефодиевна;Коченкова Розалия Федоровна;1;544968.0;БСТ B12,5 П3,П4;24.62
week;2019-03-18;2019-03-24;Пряхина Александра Мефодиевна;Коченкова Розалия Федоровна;1;544968.0;БСТ B12,5 П3,П4;24.62
week;2019-04-01;2019-04-07;Пряхина Александра Мефодиевна;Коченкова Розалия Федоровна;1;1747296.0;БСТ B40 П5 F1300 W14;48.48
month;2019-04-01;2019-04-30;Пряхина Александра Мефодиевна;Коченкова Розалия Федоровна;1;1747296.0;БСТ B40 П5 F1300 W14;48.48
week;2019-04-29;2019-05-05;Пряхина Александра Мефодиевна;Коченкова Розалия Федоровна;1;758375.0;БСТ B40 П5 F1300 W14;25.00
month;2019-05-01;2019-05-31;Пряхина Александра Мефодиевна;Коченкова Розалия Федоровна;5;3006392.0;БСТ B40 П5 F1300 W14;46.00
week;2019-05-06;2019-05-12;Пряхина Александра Мефодиевна;Коченкова Розалия Федоровна;1;707400.0;БСТ B25 П4 F1150 W8;35.00
week;2019-05-20;2019-05-26;Пряхина Александра Мефодиевна;Коченкова Розалия Федоровна;2;654835.0;БСТ B35 П5 F1200 W12;24.80
week;2019-05-27;2019-06-02;Пряхина Александра Мефодиевна;Коченкова Розалия Федоровна;1;885782.0;БСТ B40 П5 F1300 W14;46.00
month;2019-06-01;2019-06-30;Пряхина Александра Мефодиевна;Коченкова Розалия Федоровна;6;1798015.0;Мелкозернистый бетон БСМ B25 П3,П4;59.60
week;2019-06-03;2019-06-09;Пряхина Александра Мефодиевна;Коченкова Розалия Федоровна;2;92759.0;Фасовка;59.60
week;2019-06-10;2019-06-16;Пряхина Александра Мефодиевна;Коченкова Розалия Федоровна;2;565208.0;БСТ B15 П3,П4;30.80
week;2019-06-24;2019-06-30;Пряхина Александра Мефодиевна;Коченкова Розалия Федоровна;2;1140048.0;Мелкозернистый бетон БСМ B25 П3,П4;33.00
month;2019-07-01;2019-07-31;Пряхина Александра Мефодиевна;Коченкова Розалия Федоровна;2;656984.0;Раствор М200 Пк3;57.20
week;2019-07-22;2019-07-28;Пряхина Александра Мефодиевна;Коченкова Розалия Федоровна;2;656984.0;Раствор М200 Пк3;57.20
month;2019-08-01;2019-08-31;Пряхина Александра Мефодиевна;Коченкова Розалия Федоровна;1;1821534.0;БСТ B50 П5 F1300 W18;43.00
week;2019-08-26;2019-09-01;Пряхина Александра Мефодиевна;Коченкова Розалия Федоровна;2;1877798.0;БСТ B50 П5 F1300 W18;58.40
month;2019-09-01;2019-09-30;Пряхина Александра Мефодиевна;Коченкова Розалия Федоровна;4;1557097.0;БСТ B30 П4 F1200 W10;76.40
week;2019-09-02;2019-09-08;Пряхина Александра Мефодиевна;Коченкова Розалия Федоровна;1;758290.0;БСТ B30 П4 F1200 W10;30.00
week;2019-09-09;2019-09-15;Пряхина Александра Мефодиевна;Коченкова Розалия Федоровна;1;688776.0;БСТ B35 П5 F1200 W12;32.00
week;2019-09-23;2019-09-29;Пряхина Александра Мефодиевна;Коченкова Розалия Федоровна;1;53767.0;Упаковка европалет;76.40
week;2019-09-30;2019-10-06;Пряхина Александра Мефодиевна;Коченкова Розалия Федоровна;1;777492.0;БСТ B25 П4 F1200 W10;38.00
month;2019-10-01;2019-10-31;Пряхина Александра Мефодиевна;Коченкова Розалия Федоровна;4;3118644.0;БСТ B15 П3,П4;49.00
week;2019-10-14;2019-10-20;Пряхина Александра Мефодиевна;Коченкова Розалия Федоровна;2;1272192.0;БСТ B15 П3,П4;49.00
week;2019-10-28;2019-11-03;Пряхина Александра Мефодиевна;Коченкова Розалия Федоровна;2;1677163.0;Мелкозернистый бетон БСМ B22,5 П3,П4;27.00
month;2019-11-01;2019-11-30;Пряхина Александра Мефодиевна;Коченкова Розалия Федоровна;3;1912051.0;БСТ B45 П5 F1300 W16;35.00
week;2019-11-18;2019-11-24;Пряхина Александра Мефодиевна;Коченкова Розалия Федоровна;1;805680.0;БСТ B45 П5 F1300 W16;35.00
week;2019-11-25;2019-12-01;Пряхина Александра Мефодиевна;Коченкова Розалия Федоровна;1;498168.0;Раствор кладочный М100 Пк3;11.00
month;2019-12-01;2019-12-31;Пряхина Александра Мефодиевна;Коченкова Розалия Федоровна;1;514296.0;Мелкозернистый бетон БСМ B25 П3,П4;8.00
week;2019-12-16;2019-12-22;Пряхина Александра Мефодиевна;Коченкова Розалия Федоровна;1;514296.0;Мелкозернистый бетон БСМ B25 П3,П4;8.00
month;2020-01-01;2020-01-31;Пряхина Александра Мефодиевна;Коченкова Розалия Федоровна;1;457191.0;Раствор М100 Пк3;23.00
week;2020-01-20;2020-01-26;Пряхина Александра Мефодиевна;Коченкова Розалия Федоровна;1;457191.0;Раствор М100 Пк3;23.00
month;2020-02-01;2020-02-29;Пряхина Александра Мефодиевна;Коченкова Розалия Федоровна;1;619060.0;Мелкозернистый бетон БСМ B25 П3,П4;30.00
week;2020-02-10;2020-02-16;Пряхина Александра Мефодиевна;Коченкова Розалия Федоровна;1;619060.0;Мелкозернистый бетон БСМ B25 П3,П4;30.00
month;2018-11-01;2018-11-30;Путина Юлия Петровна;Янушко Анастасия Антониновна;2;589228.0;Раствор М200 Пк3;54.80
week;2018-11-26;2018-12-02;Путина Юлия Петровна;Янушко Анастасия Антониновна;2;589228.0;Раствор М200 Пк3;54.80
month;2018-12-01;2018-12-31;Путина Юлия Петровна;Янушко Анастасия Антониновна;2;1297268.0;БСТ B30 П4 F1150 W10;71.07
week;2018-12-10;2018-12-16;Путина Юлия Петровна;Янушко Анастасия Антониновна;1;807450.0;БСТ B30 П4 F1150 W10;71.07
week;2018-12-17;2018-12-23;Путина Юлия Петровна;Янушко Анастасия Антониновна;1;489818.0;Мелкозернистый бетон БСМ B15 П3,П4;23.69
month;2019-01-01;2019-01-31;Путина Юлия Петровна;Янушко Анастасия Антониновна;3;2554019.0;БСТ B25 П4 F1200 W10;44.85
week;2019-01-14;2019-01-20;Путина Юлия Петровна;Янушко Анастасия Антониновна;1;754956.0;БСТ B25 П4 F1200 W10;44.85
week;2019-01-21;2019-01-27;Путина Юлия Петровна;Янушко Анастасия Антониновна;2;1799063.0;БСТ B35 П5 F1300 W12;32.05
week;2019-01-28;2019-02-03;Путина Юлия Петровна;Янушко Анастасия Антониновна;1;641630.0;БСТ B30 П4 F1200 W10;16.66
month;2019-02-01;2019-02-28;Путина Юлия Петровна;Янушко Анастасия Антониновна;1;641630.0;БСТ B30 П4 F1200 W10;16.66
month;2019-03-01;2019-03-31;Путина Юлия Петровна;Янушко Анастасия Антониновна;1;564820.0;Раствор М200 Пк3;35.42
week;2019-03-18;2019-03-24;Путина Юлия Петровна;Янушко Анастасия Антониновна;1;564820.0;Раствор М200 Пк3;35.42
week;2019-04-01;2019-04-07;Путина Юлия Петровна;Янушко Анастасия Антониновна;1;610368.0;Раствор кладочный М100 Пк3;48.91
month;2019-04-01;2019-04-30;Путина Юлия Петровна;Янушко Анастасия Антониновна;2;1425600.0;БСТ B50 П5 F1300 W18;48.91
week;2019-04-22;2019-04-28;Путина Юлия Петровна;Янушко Анастасия Антониновна;1;815232.0;БСТ B50 П5 F1300 W18;36.46
month;2019-05-01;2019-05-31;Путина Юлия Петровна;Янушко Анастасия Антониновна;1;627359.0;Мелкозернистый бетон БСМ B22,5 П3,П4;31.00
week;2019-05-06;2019-05-12;Путина Юлия Петровна;Янушко Анастасия Антониновна;1;627359.0;Мелкозернистый бетон БСМ B22,5 П3,П4;31.00
month;2019-06-01;2019-06-30;Путина Юлия Петровна;Янушко Анастасия Антониновна;1;629964.0;БСТ B30 П4 F1200 W10;8.00
week;2019-06-24;2019-06-30;Путина Юлия Петровна;Янушко Анастасия Антониновна;1;629964.0;БСТ B30 П4 F1200 W10;8.00
month;2019-07-01;2019-07-31;Путина Юлия Петровна;Янушко Анастасия Антониновна;2;1350715.0;БСТ B60 П5 F1300 W20;24.00
week;2019-07-15;2019-07-21;Путина Юлия Петровна;Янушко Анастасия Антониновна;2;1350715.0;БСТ B60 П5 F1300 W20;24.00
week;2019-08-26;2019-09-01;Путина Юлия Петровна;Янушко Анастасия Антониновна;1;570598.0;БСТ B30 П4 F1150 W10;6.00
month;2019-09-01;2019-09-30;Путина Юлия Петровна;Янушко Анастасия Антониновна;1;570598.0;БСТ B30 П4 F1150 W10;6.00
week;2019-09-30;2019-10-06;Путина Юлия Петровна;Янушко Анастасия Антониновна;2;821131.0;БСТ B60 П5 F1300 W20;26.00
month;2019-10-01;2019-10-31;Путина Юлия Петровна;Янушко Анастасия Антониновна;4;2055767.0;Мелкозернистый бетон БСМ B15 П3,П4;46.00
week;2019-10-14;2019-10-20;Путина Юлия Петровна;Янушко Анастасия Антониновна;1;628590.0;Раствор М200 Пк3;38.00
week;2019-10-28;2019-11-03;Путина Юлия Петровна;Янушко Анастасия Антониновна;1;606046.0;Мелкозернистый бетон БСМ B15 П3,П4;46.00
month;2019-11-01;2019-11-30;Путина Юлия Петровна;Янушко Анастасия Антониновна;3;1242074.0;Раствор кладочный М150 Пк3;49.00
week;2019-11-04;2019-11-10;Путина Юлия Петровна;Янушко Анастасия Антониновна;2;599586.0;Раствор кладочный М150 Пк3;36.80
week;2019-11-11;2019-11-17;Путина Юлия Петровна;Янушко Анастасия Антониновна;1;642488.0;Раствор кладочный М150 Пк3;49.00
week;2019-11-25;2019-12-01;Путина Юлия Петровна;Янушко Анастасия Антониновна;1;1306500.0;БСТ B20 П3,П4;30.00
month;2019-12-01;2019-12-31;Путина Юлия Петровна;Янушко Анастасия Антониновна;2;1858583.0;БСТ B20 П3,П4;33.00
week;2019-12-16;2019-12-22;Путина Юлия Петровна;Янушко Анастасия Антониновна;1;552083.0;Мелкозернистый бетон БСМ B15 П3,П4;33.00
month;2020-01-01;2020-01-31;Путина Юлия Петровна;Янушко Анастасия Антониновна;2;664949.0;Раствор М150 Пк3;46.00
week;2020-01-06;2020-01-12;Путина Юлия Петровна;Янушко Анастасия Антониновна;2;664949.0;Раствор М150 Пк3;46.00
month;2018-11-01;2018-11-30;Розенбаха Агния Давидовна;Касатый Ника Федотовна;1;910767.0;БСТ B50 П5 F1300 W18;58.39
week;2018-11-26;2018-12-02;Розенбаха Агния Давидовна;Касатый Ника Федотовна;1;910767.0;БСТ B50 П5 F1300 W18;58.39
month;2019-01-01;2019-01-31;Розенбаха Агния Давидовна;Касатый Ника Федотовна;1;468342.0;Раствор М100 Пк3;28.59
week;2019-01-21;2019-01-27;Розенбаха Агния Давидовна;Касатый Ника Федотовна;1;468342.0;Раствор М100 Пк3;28.59
month;2019-02-01;2019-02-28;Розенбаха Агния Давидовна;Касатый Ника Федотовна;1;56039.0;Доставка;69.20
week;2019-02-11;2019-02-17;Розенбаха Агния Давидовна;Касатый Ника Федотовна;1;56039.0;Доставка;69.20
month;2019-03-01;2019-03-31;Розенбаха Агния Давидовна;Касатый Ника Федотовна;2;1170324.0;БСТ B25 П4 F1200 W10;25.39
week;2019-03-04;2019-03-10;Розенбаха Агния Давидовна;Касатый Ника Федотовна;1;653544.0;БСТ B25 П4 F1200 W10;25.39
week;2019-03-11;2019-03-17;Розенбаха Агния Давидовна;Касатый Ника Федотовна;1;516780.0;БСТ B12,5 П3,П4;18.18
month;2019-04-01;2019-04-30;Розенбаха Агния Давидовна;Касатый Ника Федотовна;4;1982258.0;БСТ B30 П4 F1150 W10;76.40
week;2019-04-08;2019-04-14;Розенбаха Агния Давидовна;Касатый Ника Федотовна;2;1345371.0;БСТ B30 П4 F1150 W10;52.67
week;2019-04-15;2019-04-21;Розенбаха Агния Давидовна;Касатый Ника Федотовна;1;579469.0;Мелкозернистый бетон БСМ B22,5 П3,П4;30.81
week;2019-04-22;2019-04-28;Розенбаха Агния Давидовна;Касатый Ника Федотовна;1;57418.0;Дегидрация;76.40
month;2019-06-01;2019-06-30;Розенбаха Агния Давидовна;Касатый Ника Федотовна;3;1784987.0;БСТ B40 П5 F1300 W14;45.00
week;2019-06-10;2019-06-16;Розенбаха Агния Давидовна;Касатый Ника Федотовна;1;41437.0;Фасовка;30.80
week;2019-06-17;2019-06-23;Розенбаха Агния Давидовна;Касатый Ника Федотовна;1;863835.0;БСТ B60 П5 F1300 W20;33.00
week;2019-06-24;2019-06-30;Розенбаха Агния Давидовна;Касатый Ника Федотовна;1;879715.0;БСТ B40 П5 F1300 W14;45.00
month;2019-07-01;2019-07-31;Розенбаха Агния Давидовна;Касатый Ника Федотовна;4;2372913.0;Мелкозернистый бетон БСМ B22,5 П3,П4;45.00
week;2019-07-15;2019-07-21;Розенбаха Агния Давидовна;Касатый Ника Федотовна;3;1760146.0;Мелкозернистый бетон БСМ B22,5 П3,П4;45.00
week;2019-07-22;2019-07-28;Розенбаха Агния Давидовна;Касатый Ника Федотовна;1;612767.0;БСТ B40 П5 F1300 W14;1.00
week;2019-07-29;2019-08-04;Розенбаха Агния Давидовна;Касатый Ника Федотовна;1;681714.0;БСТ B25 П4 F1200 W10;21.00
month;2019-08-01;2019-08-31;Розенбаха Агния Давидовна;Касатый Ника Федотовна;3;3348939.0;БСТ B45 П5 F1300 W16;50.00
week;2019-08-12;2019-08-18;Розенбаха Агния Давидовна;Касатый Ника Федотовна;1;876825.0;БСТ B60 П5 F1300 W20;35.00
week;2019-08-19;2019-08-25;Розенбаха Агния Давидовна;Касатый Ника Федотовна;1;1790400.0;БСТ B45 П5 F1300 W16;50.00
month;2019-09-01;2019-09-30;Розенбаха Агния Давидовна;Касатый Ника Федотовна;2;1298854.0;Мелкозернистый бетон БСМ B15 П3,П4;50.00
week;2019-09-16;2019-09-22;Розенбаха Агния Давидовна;Касатый Ника Федотовна;1;676204.0;Мелкозернистый бетон БСМ B25 П3,П4;42.00
week;2019-09-23;2019-09-29;Розенбаха Агния Давидовна;Касатый Ника Федотовна;1;622650.0;Мелкозернистый бетон БСМ B15 П3,П4;50.00
week;2019-09-30;2019-10-06;Розенбаха Агния Давидовна;Касатый Ника Федотовна;1;761828.0;БСТ B35 П5 F1200 W12;46.00
month;2019-10-01;2019-10-31;Розенбаха Агния Давидовна;Касатый Ника Федотовна;1;761828.0;БСТ B35 П5 F1200 W12;46.00
month;2019-12-01;2019-12-31;Розенбаха Агния Давидовна;Касатый Ника Федотовна;2;692127.0;БСТ B40 П5 F1300 W14;35.60
week;2019-12-23;2019-12-29;Розенбаха Агния Давидовна;Касатый Ника Федотовна;2;692127.0;БСТ B40 П5 F1300 W14;35.60
month;2020-01-01;2020-01-31;Розенбаха Агния Давидовна;Касатый Ника Федотовна;1;527484.0;БСТ B15 П3,П4;13.00
week;2020-01-06;2020-01-12;Розенбаха Агния Давидовна;Касатый Ника Федотовна;1;527484.0;БСТ B15 П3,П4;13.00
month;2018-11-01;2018-11-30;Румянцева Варвара Всеволодовна;Кокоткин Аркадий Анатолиевич;3;1779114.0;БСТ B35 П5 F1300 W12;46.26
week;2018-11-05;2018-11-11;Румянцева Варвара Всеволодовна;Кокоткин Аркадий Анатолиевич;2;1256514.0;БСТ B35 П5 F1300 W12;46.26
week;2018-11-12;2018-11-18;Румянцева Варвара Всеволодовна;Кокоткин Аркадий Анатолиевич;1;522600.0;БСТ B20 П3,П4;20.41
month;2018-12-01;2018-12-31;Румянцева Варвара Всеволодовна;Кокоткин Аркадий Анатолиевич;2;1599320.0;БСТ B25 П4 F1150 W8;69.70
week;2018-12-17;2018-12-23;Румянцева Варвара Всеволодовна;Кокоткин Аркадий Анатолиевич;1;1551040.0;БСТ B25 П4 F1150 W8;69.70
week;2018-12-24;2018-12-30;Румянцева Варвара Всеволодовна;Кокоткин Аркадий Анатолиевич;1;48280.0;Упаковка европалет;58.40
month;2019-01-01;2019-01-31;Румянцева Варвара Всеволодовна;Кокоткин Аркадий Анатолиевич;4;4208328.0;БСТ B30 П4 F1200 W10;52.72
week;2019-01-07;2019-01-13;Румянцева Варвара Всеволодовна;Кокоткин Аркадий Анатолиевич;1;839952.0;БСТ B30 П4 F1200 W10;52.72
week;2019-01-14;2019-01-20;Румянцева Варвара Всеволодовна;Кокоткин Аркадий Анатолиевич;2;2763088.0;БСТ B35 П5 F1200 W12;27.82
week;2019-01-21;2019-01-27;Румянцева Варвара Всеволодовна;Кокоткин Аркадий Анатолиевич;1;605288.0;БСТ B35 П5 F1200 W12;24.60
month;2019-03-01;2019-03-31;Румянцева Варвара Всеволодовна;Кокоткин Аркадий Анатолиевич;1;1238120.0;Мелкозернистый бетон БСМ B25 П3,П4;39.33
week;2019-03-18;2019-03-24;Румянцева Варвара Всеволодовна;Кокоткин Аркадий Анатолиевич;1;1238120.0;Мелкозернистый бетон БСМ B25 П3,П4;39.33
month;2019-04-01;2019-04-30;Румянцева Варвара Всеволодовна;Кокоткин Аркадий Анатолиевич;1;904398.0;БСТ B50 П5 F1300 W18;51.39
week;2019-04-01;2019-04-07;Румянцева Варвара Всеволодовна;Кокоткин Аркадий Анатолиевич;1;904398.0;БСТ B50 П5 F1300 W18;51.39
week;2019-04-29;2019-05-05;Румянцева Варвара Всеволодовна;Кокоткин Аркадий Анатолиевич;1;714450.0;БСТ B60 П5 F1300 W20;10.00
month;2019-05-01;2019-05-31;Румянцева Варвара Всеволодовна;Кокоткин Аркадий Анатолиевич;1;714450.0;БСТ B60 П5 F1300 W20;10.00
month;2019-06-01;2019-06-30;Румянцева Варвара Всеволодовна;Кокоткин Аркадий Анатолиевич;1;733650.0;БСТ B20 П3,П4;46.00
week;2019-06-03;2019-06-09;Румянцева Варвара Всеволодовна;Кокоткин Аркадий Анатолиевич;1;733650.0;БСТ B20 П3,П4;46.00
month;2019-07-01;2019-07-31;Румянцева Варвара Всеволодовна;Кокоткин Аркадий Анатолиевич;4;1317920.0;Раствор кладочный М100 Пк3;72.80
week;2019-07-08;2019-07-14;Румянцева Варвара Всеволодовна;Кокоткин Аркадий Анатолиевич;1;601392.0;Раствор кладочный М100 Пк3;34.00
week;2019-07-15;2019-07-21;Румянцева Варвара Всеволодовна;Кокоткин Аркадий Анатолиевич;2;103761.0;Фасовка;72.80
week;2019-07-29;2019-08-04;Румянцева Варвара Всеволодовна;Кокоткин Аркадий Анатолиевич;1;612767.0;БСТ B40 П5 F1300 W14;1.00
month;2019-08-01;2019-08-31;Румянцева Варвара Всеволодовна;Кокоткин Аркадий Анатолиевич;2;1567078.0;Пусковая смесь;42.00
week;2019-08-12;2019-08-18;Румянцева Варвара Всеволодовна;Кокоткин Аркадий Анатолиевич;1;990876.0;Пусковая смесь;42.00
week;2019-08-26;2019-09-01;Румянцева Варвара Всеволодовна;Кокоткин Аркадий Анатолиевич;1;576202.0;Мелкозернистый бетон БСМ B25 П3,П4;21.00
month;2019-09-01;2019-09-30;Румянцева Варвара Всеволодовна;Кокоткин Аркадий Анатолиевич;3;1701614.0;БСТ B60 П5 F1300 W20;77.60
week;2019-09-16;2019-09-22;Румянцева Варвара Всеволодовна;Кокоткин Аркадий Анатолиевич;2;993089.0;БСТ B60 П5 F1300 W20;77.60
week;2019-09-23;2019-09-29;Румянцева Варвара Всеволодовна;Кокоткин Аркадий Анатолиевич;1;708525.0;БСТ B20 П3,П4;41.00
month;2019-10-01;2019-10-31;Румянцева Варвара Всеволодовна;Кокоткин Аркадий Анатолиевич;1;435512.0;Раствор кладочный М150 Пк3;1.00
week;2019-10-07;2019-10-13;Румянцева Варвара Всеволодовна;Кокоткин Аркадий Анатолиевич;1;435512.0;Раствор кладочный М150 Пк3;1.00
month;2019-11-01;2019-11-30;Румянцева Варвара Всеволодовна;Кокоткин Аркадий Анатолиевич;1;623560.0;БСТ B25 П4 F1150 W8;19.00
week;2019-11-04;2019-11-10;Румянцева Варвара Всеволодовна;Кокоткин Аркадий Анатолиевич;1;623560.0;БСТ B25 П4 F1150 W8;19.00
month;2019-12-01;2019-12-31;Румянцева Варвара Всеволодовна;Кокоткин Аркадий Анатолиевич;2;564230.0;Мелкозернистый бетон БСМ B 7,5 П3,П4;60.80
week;2019-12-09;2019-12-15;Румянцева Варвара Всеволодовна;Кокоткин Аркадий Анатолиевич;1;515218.0;Мелкозернистый бетон БСМ B 7,5 П3,П4;21.00
week;2019-12-16;2019-12-22;Румянцева Варвара Всеволодовна;Кокоткин Аркадий Анатолиевич;1;49012.0;Упаковка европалет;60.80
month;2020-01-01;2020-01-31;Румянцева Варвара Всеволодовна;Кокоткин Аркадий Анатолиевич;2;1414892.0;БСТ B12,5 П3,П4;50.00
week;2020-01-06;2020-01-12;Румянцева Варвара Всеволодовна;Кокоткин Аркадий Анатолиевич;1;704700.0;БСТ B12,5 П3,П4;50.00
week;2020-01-13;2020-01-19;Румянцева Варвара Всеволодовна;Кокоткин Аркадий Анатолиевич;1;710192.0;БСТ B45 П5 F1300 W16;19.00
month;2018-11-01;2018-11-30;Фарест Александр Вячеславович;Касатый Ника Федотовна;3;858756.0;БСТ B30 П4 F1200 W10;52.71
week;2018-11-05;2018-11-11;Фарест Александр Вячеславович;Касатый Ника Федотовна;2;818839.0;БСТ B30 П4 F1200 W10;52.71
week;2018-11-12;2018-11-18;Фарест Александр Вячеславович;Касатый Ника Федотовна;1;39917.0;Фасовка;26.00
month;2018-12-01;2018-12-31;Фарест Александр Вячеславович;Касатый Ника Федотовна;1;583500.0;БСТ B15 П3,П4;40.94
week;2018-12-24;2018-12-30;Фарест Александр Вячеславович;Касатый Ника Федотовна;1;583500.0;БСТ B15 П3,П4;40.94
month;2019-01-01;2019-01-31;Фарест Александр Вячеславович;Касатый Ника Федотовна;3;1413347.0;БСТ B30 П4 F1200 W10;65.60
week;2019-01-14;2019-01-20;Фарест Александр Вячеславович;Касатый Ника Федотовна;1;668745.0;БСТ B50 П5 F1300 W18;11.94
week;2019-01-21;2019-01-27;Фарест Александр Вячеславович;Касатый Ника Федотовна;2;744602.0;БСТ B30 П4 F1200 W10;65.60
month;2019-02-01;2019-02-28;Фарест Александр Вячеславович;Касатый Ника Федотовна;1;678695.0;Раствор М200 Пк3;62.72
week;2019-02-11;2019-02-17;Фарест Александр Вячеславович;Касатый Ника Федотовна;1;678695.0;Раствор М200 Пк3;62.72
month;2019-03-01;2019-03-31;Фарест Александр Вячеславович;Касатый Ника Федотовна;3;872848.0;БСТ B35 П5 F1300 W12;60.80
week;2019-03-04;2019-03-10;Фарест Александр Вячеславович;Касатый Ника Федотовна;3;872848.0;БСТ B35 П5 F1300 W12;60.80
month;2019-04-01;2019-04-30;Фарест Александр Вячеславович;Касатый Ника Федотовна;1;1401180.0;БСТ B50 П5 F1300 W18;17.27
week;2019-04-15;2019-04-21;Фарест Александр Вячеславович;Касатый Ника Федотовна;1;1401180.0;БСТ B50 П5 F1300 W18;17.27
month;2019-05-01;2019-05-31;Фарест Александр Вячеславович;Касатый Ника Федотовна;1;38771.0;Упаковка европалет;27.20
week;2019-05-13;2019-05-19;Фарест Александр Вячеславович;Касатый Ника Федотовна;1;38771.0;Упаковка европалет;27.20
week;2019-07-01;2019-07-07;Фарест Александр Вячеславович;Касатый Ника Федотовна;1;630184.0;Мелкозернистый бетон БСМ B 7,5 П3,П4;48.00
month;2019-07-01;2019-07-31;Фарест Александр Вячеславович;Касатый Ника Федотовна;1;630184.0;Мелкозернистый бетон БСМ B 7,5 П3,П4;48.00
week;2019-07-29;2019-08-04;Фарест Александр Вячеславович;Касатый Ника Федотовна;1;759800.0;БСТ B25 П4 F1150 W8;45.00
month;2019-08-01;2019-08-31;Фарест Александр Вячеславович;Касатый Ника Федотовна;4;3640576.0;БСТ B25 П4 F1150 W8;47.00
week;2019-08-19;2019-08-25;Фарест Александр Вячеславович;Касатый Ника Федотовна;2;2288646.0;Мелкозернистый бетон БСМ B 7,5 П3,П4;47.00
week;2019-08-26;2019-09-01;Фарест Александр Вячеславович;Касатый Ника Федотовна;1;592130.0;БСТ B30 П4 F1150 W10;10.00
month;2019-09-01;2019-09-30;Фарест Александр Вячеславович;Касатый Ника Федотовна;3;1951753.0;БСТ B 7,5 П3,П4;35.00
week;2019-09-09;2019-09-15;Фарест Александр Вячеславович;Касатый Ника Федотовна;1;444136.0;Раствор кладочный М150 Пк3;3.00
week;2019-09-23;2019-09-29;Фарест Александр Вячеславович;Касатый Ника Федотовна;2;1507617.0;БСТ B 7,5 П3,П4;35.00
month;2019-10-01;2019-10-31;Фарест Александр Вячеславович;Касатый Ника Федотовна;2;1083548.0;Мелкозернистый бетон БСМ B15 П3,П4;3.00
week;2019-10-07;2019-10-13;Фарест Александр Вячеславович;Касатый Ника Федотовна;1;655995.0;БСТ B60 П5 F1300 W20;1.00
week;2019-10-14;2019-10-20;Фарест Александр Вячеславович;Касатый Ника Федотовна;1;427553.0;Мелкозернистый бетон БСМ B15 П3,П4;3.00
month;2019-11-01;2019-11-30;Фарест Александр Вячеславович;Касатый Ника Федотовна;2;636118.0;БСТ B35 П5 F1200 W12;63.20
week;2019-11-04;2019-11-10;Фарест Александр Вячеславович;Касатый Ника Федотовна;1;51702.0;Фасовка;63.20
week;2019-11-25;2019-12-01;Фарест Александр Вячеславович;Касатый Ника Федотовна;1;584416.0;БСТ B35 П5 F1200 W12;12.00
month;2020-01-01;2020-01-31;Фарест Александр Вячеславович;Касатый Ника Федотовна;2;1281283.0;БСТ B22,5 П4 F1100 W6;40.00
week;2020-01-27;2020-02-02;Фарест Александр Вячеславович;Касатый Ника Федотовна;2;1281283.0;БСТ B22,5 П4 F1100 W6;40.00
month;2020-02-01;2020-02-29;Фарест Александр Вячеславович;Касатый Ника Федотовна;2;1508724.0;БСТ B60 П5 F1300 W20;23.00
week;2020-02-10;2020-02-16;Фарест Александр Вячеславович;Касатый Ника Федотовна;2;1508724.0;БСТ B60 П5 F1300 W20;23.00
week;2018-10-29;2018-11-04;Янушко Анастасия Антониновна;Янушко Анастасия Антониновна;1;895200.0;БСТ B45 П5 F1300 W16;60.14
month;2018-11-01;2018-11-30;Янушко Анастасия Антониновна;Янушко Анастасия Антониновна;1;895200.0;БСТ B45 П5 F1300 W16;60.14
month;2018-12-01;2018-12-31;Янушко Анастасия Антониновна;Янушко Анастасия Антониновна;6;3996254.0;Раствор М200 Пк3;59.01
week;2018-12-03;2018-12-09;Янушко Анастасия Антониновна;Янушко Анастасия Антониновна;1;1169796.0;БСТ B 7,5 П3,П4;47.70
week;2018-12-10;2018-12-16;Янушко Анастасия Антониновна;Янушко Анастасия Антониновна;2;1001699.0;БСТ B 7,5 П3,П4;41.60
week;2018-12-17;2018-12-23;Янушко Анастасия Антониновна;Янушко Анастасия Антониновна;2;1174999.0;Раствор М200 Пк3;59.01
week;2018-12-24;2018-12-30;Янушко Анастасия Антониновна;Янушко Анастасия Антониновна;1;649760.0;БСТ B25 П4 F1150 W8;42.18
week;2018-12-31;2019-01-06;Янушко Анастасия Антониновна;Янушко Анастасия Антониновна;1;482830.0;Раствор М200 Пк3;15.76
month;2019-01-01;2019-01-31;Янушко Анастасия Антониновна;Янушко Анастасия Антониновна;3;2562741.0;БСТ B20 П3,П4;43.85
week;2019-01-07;2019-01-13;Янушко Анастасия Антониновна;Янушко Анастасия Антониновна;1;1411586.0;БСТ B30 П4 F1200 W10;28.33
week;2019-01-28;2019-02-03;Янушко Анастасия Антониновна;Янушко Анастасия Антониновна;1;668325.0;БСТ B20 П3,П4;43.85
month;2019-02-01;2019-02-28;Янушко Анастасия Антониновна;Янушко Анастасия Антониновна;1;688470.0;БСТ B60 П5 F1300 W20;13.24
week;2019-02-04;2019-02-10;Янушко Анастасия Антониновна;Янушко Анастасия Антониновна;1;688470.0;БСТ B60 П5 F1300 W20;13.24
month;2019-03-01;2019-03-31;Янушко Анастасия Антониновна;Янушко Анастасия Антониновна;4;2083330.0;Раствор М150 Пк3;60.09
week;2019-03-04;2019-03-10;Янушко Анастасия Антониновна;Янушко Анастасия Антониновна;3;1603114.0;Раствор М150 Пк3;60.09
week;2019-03-18;2019-03-24;Янушко Анастасия Антониновна;Янушко Анастасия Антониновна;1;480216.0;Раствор кладочный М100 Пк3;17.15
month;2019-04-01;2019-04-30;Янушко Анастасия Антониновна;Янушко Анастасия Антониновна;1;681483.0;БСТ B50 П5 F1300 W18;14.07
week;2019-04-08;2019-04-14;Янушко Анастасия Антониновна;Янушко Анастасия Антониновна;1;681483.0;БСТ B50 П5 F1300 W18;14.07
month;2019-05-01;2019-05-31;Янушко Анастасия Антониновна;Янушко Анастасия Антониновна;2;1387512.0;БСТ B40 П5 F1300 W14;44.00
week;2019-05-06;2019-05-12;Янушко Анастасия Антониновна;Янушко Анастасия Антониновна;1;873648.0;БСТ B40 П5 F1300 W14;44.00
week;2019-05-13;2019-05-19;Янушко Анастасия Антониновна;Янушко Анастасия Антониновна;1;513864.0;Раствор М150 Пк3;22.00
month;2019-06-01;2019-06-30;Янушко Анастасия Антониновна;Янушко Анастасия Антониновна;2;987834.0;Раствор кладочный М100 Пк3;48.80
week;2019-06-03;2019-06-09;Янушко Анастасия Антониновна;Янушко Анастасия Антониновна;1;942480.0;Раствор кладочный М100 Пк3;5.00
week;2019-06-24;2019-06-30;Янушко Анастасия Антониновна;Янушко Анастасия Антониновна;1;45354.0;Упаковка европалет;48.80
month;2019-07-01;2019-07-31;Янушко Анастасия Антониновна;Янушко Анастасия Антониновна;2;1295264.0;Мелкозернистый бетон БСМ B25 П3,П4;42.00
week;2019-07-15;2019-07-21;Янушко Анастасия Антониновна;Янушко Анастасия Антониновна;1;676204.0;Мелкозернистый бетон БСМ B25 П3,П4;42.00
week;2019-07-29;2019-08-04;Янушко Анастасия Антониновна;Янушко Анастасия Антониновна;1;619060.0;Мелкозернистый бетон БСМ B25 П3,П4;30.00
month;2019-08-01;2019-08-31;Янушко Анастасия Антониновна;Янушко Анастасия Антониновна;3;2622701.0;Мелкозернистый бетон БСМ B22,5 П3,П4;37.00
week;2019-08-05;2019-08-11;Янушко Анастасия Антониновна;Янушко Анастасия Антониновна;2;1966608.0;БСТ B50 П5 F1300 W18;12.00
week;2019-08-12;2019-08-18;Янушко Анастасия Антониновна;Янушко Анастасия Антониновна;1;656093.0;Мелкозернистый бетон БСМ B22,5 П3,П4;37.00
month;2019-10-01;2019-10-31;Янушко Анастасия Антониновна;Янушко Анастасия Антониновна;3;2089980.0;БСТ B50 П5 F1300 W18;39.00
week;2019-10-14;2019-10-20;Янушко Анастасия Антониновна;Янушко Анастасия Антониновна;1;624428.0;БСТ B30 П4 F1150 W10;16.00
week;2019-10-21;2019-10-27;Янушко Анастасия Антониновна;Янушко Анастасия Антониновна;2;1465552.0;БСТ B50 П5 F1300 W18;39.00
week;2019-10-28;2019-11-03;Янушко Анастасия Антониновна;Янушко Анастасия Антониновна;1;1644906.0;БСТ B30 П4 F1200 W10;41.00
month;2019-11-01;2019-11-30;Янушко Анастасия Антониновна;Янушко Анастасия Антониновна;2;2456202.0;БСТ B25 П4 F1200 W10;44.00
week;2019-11-18;2019-11-24;Янушко Анастасия Антониновна;Янушко Анастасия Антониновна;1;811296.0;БСТ B25 П4 F1200 W10;44.00
month;2020-01-01;2020-01-31;Янушко Анастасия Антониновна;Янушко Анастасия Антониновна;2;661527.0;Раствор кладочный М150 Пк3;43.00
week;2020-01-20;2020-01-26;Янушко Анастасия Антониновна;Янушко Анастасия Антониновна;2;661527.0;Раствор кладочный М150 Пк3;43.00
month;2018-11-01;2018-11-30;Янчуковский Ярослав Модестович;Янушко Анастасия Антониновна;1;54559.0;Формовка;53.60
week;2018-11-26;2018-12-02;Янчуковский Ярослав Модестович;Янушко Анастасия Антониновна;1;54559.0;Формовка;53.60
month;2018-12-01;2018-12-31;Янчуковский Ярослав Модестович;Янушко Анастасия Антониновна;2;1123069.0;Раствор М150 Пк3;53.27
week;2018-12-03;2018-12-09;Янчуковский Ярослав Модестович;Янушко Анастасия Антониновна;1;554449.0;БСТ B30 П4 F1150 W10;17.47
week;2018-12-10;2018-12-16;Янчуковский Ярослав Модестович;Янушко Анастасия Антониновна;1;568620.0;Раствор М150 Пк3;53.27
week;2018-12-31;2019-01-06;Янчуковский Ярослав Модестович;Янушко Анастасия Антониновна;1;662448.0;БСТ B45 П5 F1300 W16;16.67
month;2019-01-01;2019-01-31;Янчуковский Ярослав Модестович;Янушко Анастасия Антониновна;3;1223452.0;Раствор М150 Пк3;48.80
week;2019-01-07;2019-01-13;Янчуковский Ярослав Модестович;Янушко Анастасия Антониновна;2;561004.0;Раствор М150 Пк3;48.80
month;2019-02-01;2019-02-28;Янчуковский Ярослав Модестович;Янушко Анастасия Антониновна;1;483210.0;Раствор М100 Пк3;32.68
week;2019-02-11;2019-02-17;Янчуковский Ярослав Модестович;Янушко Анастасия Антониновна;1;483210.0;Раствор М100 Пк3;32.68
month;2019-03-01;2019-03-31;Янчуковский Ярослав Модестович;Янушко Анастасия Антониновна;2;645864.0;БСТ B25 П4 F1200 W10;53.60
week;2019-03-04;2019-03-10;Янчуковский Ярослав Модестович;Янушко Анастасия Антониновна;1;597204.0;БСТ B25 П4 F1200 W10;14.58
week;2019-03-25;2019-03-31;Янчуковский Ярослав Модестович;Янушко Анастасия Антониновна;1;48660.0;Фасовка;53.60
month;2019-04-01;2019-04-30;Янчуковский Ярослав Модестович;Янушко Анастасия Антониновна;3;1674988.0;БСТ B22,5 П4 F1100 W6;53.49
week;2019-04-01;2019-04-07;Янчуковский Ярослав Модестович;Янушко Анастасия Антониновна;2;1243284.0;БСТ B22,5 П4 F1100 W6;53.49
week;2019-04-15;2019-04-21;Янчуковский Ярослав Модестович;Янушко Анастасия Антониновна;1;431704.0;Мелкозернистый бетон БСМ B15 П3,П4;5.19
month;2019-05-01;2019-05-31;Янчуковский Ярослав Модестович;Янушко Анастасия Антониновна;3;1985955.0;БСТ B35 П5 F1200 W12;50.00
week;2019-05-06;2019-05-12;Янчуковский Ярослав Модестович;Янушко Анастасия Антониновна;1;642870.0;Мелкозернистый бетон БСМ B25 П3,П4;35.00
week;2019-05-13;2019-05-19;Янчуковский Ярослав Модестович;Янушко Анастасия Антониновна;2;1343085.0;БСТ B35 П5 F1200 W12;50.00
month;2019-06-01;2019-06-30;Янчуковский Ярослав Модестович;Янушко Анастасия Антониновна;1;896310.0;БСТ B60 П5 F1300 W20;38.00
week;2019-06-10;2019-06-16;Янчуковский Ярослав Модестович;Янушко Анастасия Антониновна;1;896310.0;БСТ B60 П5 F1300 W20;38.00
month;2019-08-01;2019-08-31;Янчуковский Ярослав Модестович;Янушко Анастасия Антониновна;2;712678.0;БСТ B40 П5 F1300 W14;36.80
week;2019-08-19;2019-08-25;Янчуковский Ярослав Модестович;Янушко Анастасия Антониновна;1;667370.0;БСТ B40 П5 F1300 W14;10.00
week;2019-08-26;2019-09-01;Янчуковский Ярослав Модестович;Янушко Анастасия Антониновна;1;45308.0;Доставка;36.80
month;2019-09-01;2019-09-30;Янчуковский Ярослав Модестович;Янушко Анастасия Антониновна;3;1468155.0;БСТ B20 П3,П4;58.40
week;2019-09-02;2019-09-08;Янчуковский Ярослав Модестович;Янушко Анастасия Антониновна;2;1419875.0;БСТ B20 П3,П4;47.00
week;2019-09-30;2019-10-06;Янчуковский Ярослав Модестович;Янушко Анастасия Антониновна;1;48280.0;Упаковка европалет;58.40
month;2019-11-01;2019-11-30;Янчуковский Ярослав Модестович;Янушко Анастасия Антониновна;2;2355523.0;БСТ B45 П5 F1300 W16;43.00
week;2019-11-11;2019-11-17;Янчуковский Ярослав Модестович;Янушко Анастасия Антониновна;2;2355523.0;БСТ B45 П5 F1300 W16;43.00
month;2020-01-01;2020-01-31;Янчуковский Ярослав Модестович;Янушко Анастасия Антониновна;3;2152635.0;БСТ B50 П5 F1300 W18;37.00
week;2020-01-06;2020-01-12;Янчуковский Ярослав Модестович;Янушко Анастасия Антониновна;2;1364121.0;БСТ B50 П5 F1300 W18;37.00
week;2020-01-27;2020-02-02;Янчуковский Ярослав Модестович;Янушко Анастасия Антониновна;1;788514.0;Пусковая смесь;13.00
month;2018-12-01;2018-12-31;Янькова Елизавета Антониновна;Коченкова Розалия Федоровна;1;608025.0;БСТ B20 П3,П4;40.10
week;2018-12-03;2018-12-09;Янькова Елизавета Антониновна;Коченкова Розалия Федоровна;1;608025.0;БСТ B20 П3,П4;40.10
week;2018-12-31;2019-01-06;Янькова Елизавета Антониновна;Коченкова Розалия Федоровна;1;699194.0;Мелкозернистый бетон БСМ B22,5 П3,П4;57.83
month;2019-01-01;2019-01-31;Янькова Елизавета Антониновна;Коченкова Розалия Федоровна;1;699194.0;Мелкозернистый бетон БСМ B22,5 П3,П4;57.83
month;2019-02-01;2019-02-28;Янькова Елизавета Антониновна;Коченкова Розалия Федоровна;1;584292.0;БСТ B22,5 П4 F1100 W6;21.12
week;2019-02-18;2019-02-24;Янькова Елизавета Антониновна;Коченкова Розалия Федоровна;1;584292.0;БСТ B22,5 П4 F1100 W6;21.12
month;2019-03-01;2019-03-31;Янькова Елизавета Антониновна;Коченкова Розалия Федоровна;3;1964416.0;БСТ B25 П4 F1150 W8;52.52
week;2019-03-18;2019-03-24;Янькова Елизавета Антониновна;Коченкова Розалия Федоровна;2;1304176.0;БСТ B25 П4 F1150 W8;52.52
week;2019-03-25;2019-03-31;Янькова Елизавета Антониновна;Коченкова Розалия Федоровна;1;660240.0;БСТ B25 П4 F1150 W8;31.63
month;2019-04-01;2019-04-30;Янькова Елизавета Антониновна;Коченкова Розалия Федоровна;1;581256.0;Раствор М150 Пк3;49.27
week;2019-04-01;2019-04-07;Янькова Елизавета Антониновна;Коченкова Розалия Федоровна;1;581256.0;Раствор М150 Пк3;49.27
month;2019-05-01;2019-05-31;Янькова Елизавета Антониновна;Коченкова Розалия Федоровна;4;3102556.0;Раствор кладочный М100 Пк3;47.00
week;2019-05-06;2019-05-12;Янькова Елизавета Антониновна;Коченкова Розалия Федоровна;1;446040.0;Раствор М100 Пк3;20.00
week;2019-05-13;2019-05-19;Янькова Елизавета Антониновна;Коченкова Розалия Федоровна;2;1952280.0;Раствор кладочный М100 Пк3;47.00
week;2019-05-20;2019-05-26;Янькова Елизавета Антониновна;Коченкова Розалия Федоровна;1;704236.0;БСТ B35 П5 F1300 W12;16.00
month;2019-07-01;2019-07-31;Янькова Елизавета Антониновна;Коченкова Розалия Федоровна;1;448308.0;Мелкозернистый бетон БСМ B15 П3,П4;8.00
week;2019-07-08;2019-07-14;Янькова Елизавета Антониновна;Коченкова Розалия Федоровна;1;448308.0;Мелкозернистый бетон БСМ B15 П3,П4;8.00
month;2019-09-01;2019-09-30;Янькова Елизавета Антониновна;Коченкова Розалия Федоровна;2;694981.0;БСТ B20 П3,П4;30.00
week;2019-09-02;2019-09-08;Янькова Елизавета Антониновна;Коченкова Розалия Федоровна;1;653250.0;БСТ B20 П3,П4;30.00
week;2019-09-09;2019-09-15;Янькова Елизавета Антониновна;Коченкова Розалия Федоровна;1;41731.0;Доставка;26.00
month;2019-10-01;2019-10-31;Янькова Елизавета Антониновна;Коченкова Розалия Федоровна;2;650593.0;Мелкозернистый бетон БСМ B25 П3,П4;29.60
week;2019-10-07;2019-10-13;Янькова Елизавета Антониновна;Коченкова Розалия Федоровна;1;609536.0;Мелкозернистый бетон БСМ B25 П3,П4;28.00
week;2019-10-14;2019-10-20;Янькова Елизавета Антониновна;Коченкова Розалия Федоровна;1;41057.0;Фасовка;29.60
month;2019-12-01;2019-12-31;Янькова Елизавета Антониновна;Коченкова Розалия Федоровна;1;698165.0;БСТ B35 П5 F1300 W12;15.00
week;2019-12-02;2019-12-08;Янькова Елизавета Антониновна;Коченкова Розалия Федоровна;1;698165.0;БСТ B35 П5 F1300 W12;15.00
month;2020-01-01;2020-01-31;Янькова Елизавета Антониновна;Коченкова Розалия Федоровна;1;82026.0;Дегидрация;5.00
week;2020-01-13;2020-01-19;Янькова Елизавета Антониновна;Коченкова Розалия Федоровна;1;82026.0;Дегидрация;5.00
